FirstName,LastName,FullName,Bib,AgeGroup,Gender,City,State,Country,CountryISO,SwimTime,BikeTime,RunTime,T1Time,T2Time,FinishTime,SwimSeconds,BikeSeconds,RunSeconds,T1Seconds,T2Seconds,FinishSeconds,OverallRank,GenderRank,AgeGroupRank,SwimRankOverall,SwimRankGender,SwimRankGroup,BikeRankOverall,BikeRankGender,BikeRankGroup,RunRankOverall,RunRankGender,RunRankGroup,Status,Points
Petr,Lukosz,Petr Lukosz,281,M40-44,Male,Taguig,PH-00,Czech Republic,CZ,1:00:04,5:03:02,3:38:06,,,9:52:34,3604,18182,13086,378,304,35554,1,1,1,2,2,2,1,1,1,1,1,1,Finisher,5000
Jethro Karl,Ramos,Jethro Karl Ramos,248,M40-44,Male,camp 7,PH-BEN,Philippines,PH,1:03:25,5:29:14,3:58:12,,,10:39:48,3805,19754,14292,244,293,38388,2,2,2,5,5,3,3,3,2,2,2,2,Finisher,4433
Thomas,Nteliopoulos,Thomas Nteliopoulos,479,M45-49,Male,THESSALONIKI,GREECE,Greece,GR,1:17:41,5:29:02,4:00:19,,,10:55:25,4661,19742,14419,257,247,39325,3,3,1,37,36,7,5,5,1,3,3,1,Finisher,5000
Luigi Victor,Robles,Luigi Victor Robles,138,M35-39,Male,Buayang Bato Mandaluyong,PH-00,Philippines,PH,1:10:38,5:44:35,3:53:36,,,11:00:37,4238,20675,14016,351,357,39637,4,4,1,16,15,4,9,9,2,4,4,1,Finisher,5000
Mervin Rencel,Santiago,Mervin Rencel Santiago,133,M30-34,Male,Valenzuela,PH-00,Philippines,PH,1:08:55,5:23:48,4:31:59,,,11:12:41,4135,19428,16319,213,266,40361,5,5,1,14,13,2,2,2,1,5,5,1,Finisher,5000
Colin,Mitchell,Colin Mitchell,140,M35-39,Male,,,Philippines,PH,1:15:42,5:24:41,4:28:01,,,11:19:32,4542,19481,16081,249,419,40772,6,6,2,26,25,8,4,4,1,6,6,2,Finisher,4773
Renel,Brecenio,Renel Brecenio,131,M30-34,Male,"San Jose, Pili",Camarines Sur,Philippines,PH,1:22:06,5:49:06,4:01:16,,,11:23:03,4926,20946,14476,320,316,40983,7,7,2,53,51,8,16,16,3,7,7,2,Finisher,4875
Paolo,Leano,Paolo Leano,303,M45-49,Male,Quezon City,Metro,Philippines,PH,1:06:58,5:40:14,4:27:08,,,11:25:25,4018,20414,16028,351,314,41125,8,8,2,8,8,2,7,7,2,8,8,2,Finisher,4640
Takashi,Makino,Takashi Makino,461,M50-54,Male,miyakojima,JP-47,Japan,JP,1:23:57,5:53:00,3:57:48,,,11:26:13,5037,21180,14268,324,364,41173,9,9,1,70,68,13,20,20,5,9,9,1,Finisher,5000
Carlos Jr.,Delos Santos,Carlos Jr. Delos Santos,390,M50-54,Male,"Old Zaniga, Mandaluyong City",Rizal,Philippines,PH,1:19:43,5:42:11,4:27:49,,,11:40:12,4783,20531,16069,288,342,42012,10,10,2,41,40,5,11,11,1,10,10,2,Finisher,4832
Helge-Christian Dr.,Rehmann,Helge-Christian Dr. Rehmann,466,M55-59,Male,Winsen,,Germany,DE,1:08:41,5:39:19,4:45:43,,,11:44:39,4121,20359,17143,360,296,42279,11,11,1,11,11,1,8,8,1,11,11,1,Finisher,5000
Aiken,Ting,Aiken Ting,128,M30-34,Male,East bajac bajac,ZAMBALES,Philippines,PH,1:26:15,5:49:50,4:19:39,,,11:46:49,5175,20990,15579,328,337,42409,12,12,3,82,78,12,17,17,4,12,12,3,Finisher,4590
Ronald,Molit,Ronald Molit,278,M40-44,Male,Cainta,PH-RIZ,Philippines,PH,0:59:40,5:46:54,4:51:33,,,11:49:04,3580,20814,17493,355,302,42544,13,13,3,1,1,1,6,6,3,13,13,3,Finisher,3602
Raul Leorex,Gaerlan,Raul Leorex Gaerlan,424,M50-54,Male,"Camp 7, Baguio City",Benguet,Philippines,PH,1:32:38,5:48:37,4:10:10,,,11:49:10,5558,20917,15010,607,458,42550,14,14,3,120,114,15,31,30,8,14,14,3,Finisher,4724
Antonio,Gomez Gonzalez,Antonio Gomez Gonzalez,460,M50-54,Male,Pinto,,Spain,ES,1:16:04,6:11:42,4:13:23,,,11:50:22,4564,22302,15203,272,280,42622,15,15,4,29,28,3,33,32,9,15,15,4,Finisher,4710
Jt,Gonzales,Jt Gonzales,430,M55-59,Male,Military Cut-Off,Baguio City,Philippines,PH,1:27:58,6:04:46,4:07:44,,,11:51:56,5278,21886,14864,386,302,42716,16,16,2,97,92,6,43,42,3,16,16,2,Finisher,4912
Hiroshi,Takei,Hiroshi Takei,375,M50-54,Male,laspinas,,Japan,JP,1:00:07,6:05:41,4:39:28,,,11:57:53,3607,21941,16768,333,423,43073,17,17,5,4,4,1,12,12,2,17,17,5,Finisher,4620
Miguel Antonio,Lopez,Miguel Antonio Lopez,287,M45-49,Male,"Nuvali, Calamba",LAGUNA,Philippines,PH,1:19:42,6:02:01,4:29:43,,,12:00:27,4782,21721,16183,282,259,43227,18,18,3,40,39,9,26,26,6,18,18,3,Finisher,4219
JEFFERSON,TABACON,JEFFERSON TABACON,126,M30-34,Male,TAGUM,PH-DAV,Philippines,PH,1:17:15,5:54:05,4:48:20,,,12:06:30,4635,21245,17300,218,193,43590,19,19,4,35,34,4,14,14,2,19,19,4,Finisher,4354
Ines,Santiago,Ines Santiago,511,F40-44,Female,Taguig,PH-00,Philippines,PH,1:08:51,6:14:15,4:40:58,,,12:13:27,4131,22455,16858,274,289,44007,20,1,1,13,1,1,27,1,1,20,1,1,Finisher,5000
Michael,Kramer,Michael Kramer,120,M30-34,Male,Makati,METRO MANILA,Philippines,PH,1:00:06,6:23:54,4:42:00,,,12:15:23,3606,23034,16920,284,279,44123,21,20,5,3,3,1,29,28,6,21,20,5,Finisher,4247
Elmer ,Santiago,Elmer Santiago,286,M45-49,Male,Taguig,PH-00,Philippines,PH,1:13:52,6:05:35,4:48:50,,,12:17:50,4432,21935,17330,253,320,44270,22,21,4,21,20,4,22,22,4,22,21,4,Finisher,4011
Alex,Manson,Alex Manson,459,M50-54,Male,Singapore,,France,FR,1:10:54,6:04:44,4:50:28,,,12:19:08,4254,21884,17428,370,412,44348,23,22,6,17,16,2,19,19,4,23,22,6,Finisher,4365
Jbern,Eugenio,Jbern Eugenio,254,M40-44,Male,,DXB,Philippines,PH,1:29:37,5:54:05,4:43:01,,,12:21:37,5377,21245,16981,491,402,44497,24,23,4,106,101,20,32,31,4,24,23,4,Finisher,3211
Antonio,Salamanque,Antonio Salamanque,117,M30-34,Male,"San Jose, Pili",Camarines Sur,Philippines,PH,1:16:30,6:01:24,4:57:08,,,12:24:07,4590,21684,17828,278,267,44647,25,24,6,31,30,3,21,21,5,25,24,6,Finisher,4142
Phil,Saussus,Phil Saussus,464,M60-64,Male,villers sur lesse,,Belgium,BE,1:21:03,5:57:02,4:56:53,,,12:31:17,4863,21422,17813,497,482,45077,26,25,1,48,47,1,25,25,1,26,25,1,Finisher,5000
Rene Ricardo,Tayag,Rene Ricardo Tayag,354,M45-49,Male,Angeles City,,Philippines,PH,1:14:45,6:03:31,4:59:06,,,12:31:30,4485,21811,17946,354,495,45090,27,26,5,23,22,6,23,23,5,27,26,5,Finisher,3847
Eigen Israel,Rara,Eigen Israel Rara,157,M35-39,Male,"Brgy. Sto. Rosario, Iligan City",Lanao del Norte,Philippines,PH,1:17:03,6:15:22,4:48:07,,,12:32:31,4623,22522,17287,273,446,45151,28,27,3,33,32,12,41,40,8,28,27,3,Finisher,3897
Florante,Balderas,Florante Balderas,155,M35-39,Male,Calvario meycauayan,Bulacan,Philippines,PH,1:15:56,5:53:51,5:12:47,,,12:32:52,4556,21231,18767,338,280,45172,29,28,4,28,27,10,15,15,3,29,28,4,Finisher,3893
Oliver,Cerbo,Oliver Cerbo,423,M50-54,Male,Tamuning,GU,Guatemala,GT,1:20:01,6:02:56,4:57:17,,,12:33:46,4801,21776,17837,432,381,45226,30,29,7,43,42,6,30,29,7,30,29,7,Finisher,4189
Robert Archibald,Patricio,Robert Archibald Patricio,124,M30-34,Male,Kawit,PH-CAV,Philippines,PH,1:26:43,6:02:47,4:55:37,,,12:36:33,5203,21767,17737,329,357,45393,31,30,7,85,81,14,38,37,7,31,30,7,Finisher,3993
Roman,Trubetskoy,Roman Trubetskoy,462,M35-39,Male,Dubai,Dubai,Philippines,PH,1:09:16,6:27:31,4:50:14,,,12:37:18,4156,23251,17414,294,323,45438,32,31,5,15,14,3,44,43,10,32,31,5,Finisher,3839
Joseph Kennedy,Salcedo,Joseph Kennedy Salcedo,147,M35-39,Male,Teachers Village East,Quezon City,Philippines,PH,1:29:55,6:12:54,4:44:59,,,12:38:45,5395,22374,17099,343,314,45525,33,32,6,109,104,20,52,51,11,33,32,6,Finisher,3822
Emmanuel,Capisanan,Emmanuel Capisanan,243,M40-44,Male,Pili,Camarines Sur,Philippines,PH,1:29:39,6:10:52,4:50:35,,,12:41:04,5379,22252,17435,295,303,45664,34,33,5,108,103,21,50,49,9,34,33,5,Finisher,2978
Teck Loon,Tan,Teck Loon Tan,467,M45-49,Male,Singapore,Singapore,Singapore,SG,1:07:11,6:34:59,4:45:49,,,12:42:25,4031,23699,17149,498,368,45745,35,34,6,9,9,3,55,54,9,35,34,6,Finisher,3716
Ralph Francistino,Arche,Ralph Francistino Arche,210,M40-44,Male,Cebu City,PH-CEB,Philippines,PH,1:10:58,6:16:55,5:01:42,,,12:46:58,4258,22615,18102,380,663,46018,36,35,6,18,17,5,37,36,5,36,35,6,Finisher,2907
Eric Richard,Baylon,Eric Richard Baylon,332,M45-49,Male,Las Pinas City,METRO MANILA,Philippines,PH,1:37:31,6:21:18,4:33:16,,,12:48:34,5851,22878,16396,396,594,46114,37,36,7,144,134,27,73,71,13,37,36,7,Finisher,3642
Alex,Badajos,Alex Badajos,188,M35-39,Male,mandaluyong city,,Philippines,PH,1:11:06,6:18:11,5:10:03,,,12:50:50,4266,22691,18603,278,413,46250,38,37,7,19,18,5,35,34,6,38,37,7,Finisher,3677
Boram,Son,Boram Son,292,M45-49,Male,Winnipeg,MB,South Korea,KR,1:29:17,6:11:14,4:59:42,,,12:51:46,5357,22274,17982,281,413,46306,39,38,8,101,96,20,49,48,8,39,38,8,Finisher,3603
Zander,Trinidad,Zander Trinidad,167,M35-39,Male,Dona Aurora,METRO MANILA,Philippines,PH,1:23:57,6:35:27,4:36:06,,,12:53:53,5037,23727,16566,573,531,46433,40,39,8,69,67,14,75,73,16,40,39,8,Finisher,3640
John Niño,Monte,John Niño Monte,103,M25-29,Male,"San Juan, Iriga City",CAMARINES SUR,Philippines,PH,1:27:29,6:20:35,4:53:32,,,12:55:04,5249,22835,17612,464,344,46504,41,40,1,91,86,3,60,59,1,41,40,1,Finisher,5000
Edward,Luna,Edward Luna,388,M50-54,Male,Tandang Sora,Quezon City,Philippines,PH,1:22:49,5:41:53,5:43:22,,,13:01:37,4969,20513,20602,485,327,46897,42,41,8,60,58,10,13,13,3,42,41,8,Finisher,3855
Rafael,Silerio,Rafael Silerio,113,M30-34,Male,Mamplasan,PH-LAG,Philippines,PH,1:19:55,6:21:00,5:11:19,,,13:02:09,4795,22860,18679,295,299,46929,43,42,8,42,41,5,51,50,9,43,42,8,Finisher,3686
Darwin,Bonagua,Darwin Bonagua,279,M40-44,Male,Doha,Qatar,Philippines,PH,1:24:10,6:14:23,5:05:15,,,13:04:24,5050,22463,18315,325,911,47064,44,43,7,71,69,11,46,45,7,44,43,7,Finisher,2698
Dan,Brown,Dan Brown,455,M45-49,Male,Killara,AU-NSW,Philippines,PH,1:03:37,5:53:59,5:56:52,,,13:04:35,3817,21239,21412,214,393,47075,45,44,9,6,6,1,10,10,3,45,44,9,Finisher,3450
Christian,Patiu,Christian Patiu,143,M35-39,Male,Mexico,Mexico Pampanga,Philippines,PH,1:13:46,6:03:29,5:36:09,,,13:04:42,4426,21809,20169,264,413,47082,46,45,9,20,19,6,18,18,4,46,45,9,Finisher,3511
Reginaldo,Victoria,Reginaldo Victoria,331,M45-49,Male,legaspi city,albay,Philippines,PH,1:14:31,6:15:42,5:21:16,,,13:05:29,4471,22542,19276,362,477,47129,47,46,10,22,21,5,39,38,7,47,46,10,Finisher,3439
Mizuki,Watanabe,Mizuki Watanabe,476,M55-59,Male,Yokohama-city,Kanagawa,Philippines,PH,1:23:38,6:05:36,5:23:58,,,13:07:46,5018,21936,19438,455,419,47266,48,47,3,66,64,3,40,39,2,48,47,3,Finisher,4002
Melchor,Labian,Melchor Labian,393,M50-54,Male,MALAY,,Philippines,PH,1:21:19,6:39:09,4:53:36,,,13:07:51,4879,23949,17616,464,364,47271,49,48,9,49,48,8,74,72,13,49,48,9,Finisher,3780
Raymond,Ordoveza,Raymond Ordoveza,182,M35-39,Male,Cebu City,CEB,Philippines,PH,1:06:56,6:20:47,5:27:00,,,13:09:46,4016,22847,19620,389,514,47386,50,49,10,7,7,1,36,35,7,50,49,10,Finisher,3450
Kristiane Glendale,Lim,Kristiane Glendale Lim,474,M35-39,Male,Minglanilla,Minglanilla,Philippines,PH,1:15:33,6:03:09,5:32:52,,,13:12:25,4533,21789,19972,548,703,47545,51,50,11,25,24,7,28,27,5,51,50,11,Finisher,3418
Guz,Dela Rosa,Guz Dela Rosa,171,M35-39,Male,Citrus Heights,CA,Philippines,PH,1:25:44,6:27:34,5:03:18,,,13:12:36,5144,23254,18198,481,480,47556,52,51,12,77,73,15,68,67,15,52,51,12,Finisher,3416
Julian Sebar,Serrano,Julian Sebar Serrano,115,M30-34,Male,Magalang,,Philippines,PH,1:34:16,6:39:34,4:45:30,,,13:12:37,5656,23974,17130,388,410,47557,53,52,9,128,120,15,90,88,13,53,52,9,Finisher,3560
Marlon,Castillo,Marlon Castillo,313,M45-49,Male,panamitan kawit,PH-CAV,Philippines,PH,1:38:25,6:14:41,5:07:38,,,13:13:42,5905,22481,18458,306,472,47622,54,53,11,150,140,30,63,62,11,54,53,11,Finisher,3340
Mary Jane,Baluyot,Mary Jane Baluyot,506,F35-39,Female,Taguig City,PH-00,Philippines,PH,1:27:22,6:24:16,5:02:28,,,13:14:01,5242,23056,18148,606,589,47641,55,2,1,88,5,1,69,2,1,55,2,1,Finisher,5000
Lee Stephen,Fat,Lee Stephen Fat,125,M30-34,Male,Cabancalan,PH-CEB,Philippines,PH,1:26:37,6:25:07,5:14:21,,,13:19:24,5197,23107,18861,422,377,47964,56,54,10,84,80,13,65,64,11,56,54,10,Finisher,3479
Marissa,Cayowet,Marissa Cayowet,522,F45-49,Female,Baguio City,Benguet,Philippines,PH,1:24:12,7:07:24,4:30:31,,,13:21:09,5052,25644,16231,520,623,48069,57,3,1,72,3,1,119,4,1,57,3,1,Finisher,5000
Antonio Iii,Celestino,Antonio Iii Celestino,255,M40-44,Male,Brgy II-E,San Pablo City,Philippines,PH,1:36:12,6:31:37,4:59:52,,,13:23:12,5772,23497,17992,434,497,48192,58,55,8,136,127,31,82,80,14,58,55,8,Finisher,2472
Raz,Shabtay,Raz Shabtay,260,M40-44,Male,Taguig,NATIONAL CAPITAL REGION,Philippines,PH,1:22:10,6:12:43,5:31:05,,,13:23:41,4930,22363,19865,461,602,48221,59,56,9,54,52,9,45,44,6,59,56,9,Finisher,2466
Celma,Hitalia,Celma Hitalia,535,F55-59,Female,Muntinlupa City,PH-00,Philippines,PH,1:36:46,6:56:36,4:33:58,,,13:24:35,5806,24996,16438,397,638,48275,60,4,1,140,10,3,116,3,1,60,4,1,Finisher,5000
Prince Dann,Allanigue,Prince Dann Allanigue,158,M35-39,Male,"Sta Ana, Manila",METRO MANILA,Philippines,PH,1:27:58,6:04:17,5:42:21,,,13:25:52,5278,21857,20541,325,351,48352,61,57,13,98,93,16,42,41,9,61,57,13,Finisher,3257
Jayjay,Cantor,Jayjay Cantor,252,M40-44,Male,Tanauan City ,PH-BTG,Philippines,PH,1:25:34,6:17:26,5:41:01,,,13:35:31,5134,22646,20461,383,307,48931,62,58,10,76,72,12,53,52,10,62,58,10,Finisher,2324
Carlo Paolo,Mallari,Carlo Paolo Mallari,232,M40-44,Male,West kalayaan,zambales,Philippines,PH,1:25:51,6:46:27,5:18:15,,,13:43:53,5151,24387,19095,407,394,49433,63,59,11,79,75,14,89,87,17,63,59,11,Finisher,2224
Kyoko,Saito,Kyoko Saito,544,F50-54,Female,yokohama ,JP-14,Japan,JP,1:45:33,6:57:53,4:46:35,,,13:44:15,6333,25073,17195,454,401,49455,64,5,1,189,14,3,141,5,1,64,5,1,Finisher,5000
Archie Val,Rubio,Archie Val Rubio,148,M35-39,Male,BF homes,Paranaque,Philippines,PH,1:23:16,6:25:58,5:30:36,,,13:45:21,4996,23158,19836,536,997,49521,65,60,14,63,61,13,62,61,14,65,60,14,Finisher,3023
Edward,Agdamag,Edward Agdamag,253,M40-44,Male,Dalandanan,Valenzuela city,Philippines,PH,1:44:58,6:32:02,5:08:08,,,13:45:25,6298,23522,18488,602,614,49525,66,61,12,187,174,43,98,96,19,66,61,12,Finisher,2205
Edwin,Enriquez,Edwin Enriquez,471,M50-54,Male,CHANDLER,AZ,United States,US,1:22:44,7:12:32,5:00:19,,,13:47:53,4964,25952,18019,350,387,49673,67,62,10,58,56,9,122,118,17,67,62,10,Finisher,3300
John Paul,Fontillas,John Paul Fontillas,249,M40-44,Male,"sta. cruz, sta maria",BULACAN,Philippines,PH,1:33:01,6:12:58,5:36:43,,,13:49:05,5581,22378,20203,760,823,49745,68,63,13,124,118,28,64,63,12,68,63,13,Finisher,2161
Dean,Recupero,Dean Recupero,449,M60-64,Male,"mabayuan, olongapo city",Zambales,Philippines,PH,1:24:47,6:29:42,5:43:32,,,13:51:23,5087,23382,20612,383,419,49883,69,64,2,75,71,4,67,66,2,69,64,2,Finisher,4038
Michael,Cortes,Michael Cortes,236,M40-44,Male,Sta.Maria,Bulacan,Philippines,PH,1:40:02,6:41:30,5:13:55,,,13:54:20,6002,24090,18835,670,462,50060,70,65,14,163,153,39,106,104,25,70,65,14,Finisher,2098
Jefrey,Amboang,Jefrey Amboang,214,M40-44,Male,Capitol Site,Cebu City,Philippines,PH,1:39:10,6:49:50,5:11:11,,,13:55:34,5950,24590,18671,398,525,50134,71,66,15,156,146,36,108,106,26,71,66,15,Finisher,2084
Vincent,Alcanzare,Vincent Alcanzare,209,M40-44,Male,Fort Bonifacio,PH-00,Philippines,PH,1:14:55,6:23:27,6:03:43,,,13:57:46,4495,23007,21823,398,544,50266,72,67,16,24,23,6,48,47,8,72,67,16,Finisher,2057
Ricarte,Dayata,Ricarte Dayata,330,M45-49,Male, Quezon City,PH-00,Philippines,PH,1:27:34,6:41:56,5:37:51,,,14:01:50,5254,24116,20271,315,554,50510,73,68,12,93,88,19,81,79,17,73,68,12,Finisher,2763
Ronald Rey,De Leon,Ronald Rey De Leon,282,M40-44,Male,Rizal,Makati City,Philippines,PH,1:25:45,6:56:29,5:25:15,,,14:01:57,5145,24989,19515,367,501,50517,74,69,17,78,74,13,100,98,21,74,69,17,Finisher,2007
Reujenson,Lista,Reujenson Lista,403,M50-54,Male,taguig ,PH-00,Philippines,PH,1:23:16,6:04:17,6:22:23,,,14:02:15,4996,21857,22943,332,407,50535,75,70,11,64,62,11,34,33,10,75,70,11,Finisher,3127
Charles Allen,Rosario,Charles Allen Rosario,154,M35-39,Male,"#2 ablan, batac city",ilocos norte,Philippines,PH,1:32:53,6:13:41,5:55:36,,,14:03:43,5573,22421,21336,496,797,50623,76,71,15,121,115,22,58,57,13,76,71,15,Finisher,2802
Winston,Tan,Winston Tan,201,M40-44,Male,"lumbia district, pagadian city",,Philippines,PH,1:40:48,6:56:58,5:10:47,,,14:05:21,6048,25018,18647,524,485,50721,77,72,18,165,155,40,134,130,30,77,72,18,Finisher,1966
Julie,Saadus,Julie Saadus,541,F55-59,Female,San Marcos,CA,United States,US,1:35:52,7:09:52,5:03:12,,,14:07:04,5752,25792,18192,429,658,50824,78,6,2,133,9,2,145,6,2,78,6,2,Finisher,4490
Richel,Sale,Richel Sale,308,M45-49,Male,"Basak, Lapulapu City",Cebu,Philippines,PH,1:18:07,6:39:45,5:57:51,,,14:07:24,4687,23985,21471,340,361,50844,79,73,13,38,37,8,72,70,12,79,73,13,Finisher,2696
Jesus,Laxamana,Jesus Laxamana,422,M50-54,Male,Rosario Pasig,MM,Philippines,PH,1:23:42,6:29:38,5:58:25,,,14:11:38,5022,23378,21505,518,674,51098,80,74,12,67,65,12,70,68,12,80,74,12,Finisher,3015
Wilfredo Jr,Teodoro,Wilfredo Jr Teodoro,347,M45-49,Male,Paranaque City,Metro Manila,Philippines,PH,1:25:55,6:42:13,5:44:23,,,14:12:58,5155,24133,20663,486,741,51178,81,75,14,81,77,15,84,82,18,81,75,14,Finisher,2629
Chiquito,Obeso Jr,Chiquito Obeso Jr,104,M25-29,Male,Cebu City,PH-CEB,Philippines,PH,1:23:15,6:36:58,5:52:37,,,14:13:15,4995,23818,21157,602,623,51195,82,76,2,61,59,2,77,75,2,82,76,2,Finisher,4061
Michael John,Torres,Michael John Torres,206,M40-44,Male,Bucal Calamba,Calamba,Philippines,PH,1:39:31,6:56:48,5:17:02,,,14:13:23,5971,25008,19022,662,540,51203,83,77,19,157,147,37,136,132,31,83,77,19,Finisher,1870
Reymond Kelvin,Dula,Reymond Kelvin Dula,457,M40-44,Male,Dubai,DXB,Philippines,PH,1:08:32,6:46:20,6:04:52,,,14:17:25,4112,24380,21892,438,623,51445,84,78,20,10,10,4,71,69,13,84,78,20,Finisher,1821
Jocel Jc,Rendon,Jocel Jc Rendon,109,M30-34,Male,Brgy 88,Caloocan,Philippines,PH,1:22:22,6:51:24,5:50:26,,,14:19:52,4942,24684,21026,495,446,51592,85,79,11,55,53,9,92,90,14,85,79,11,Finisher,2753
Joffrey,Año,Joffrey Año,339,M45-49,Male,"San Jose, Pili",PH-CAS,Philippines,PH,1:27:06,6:46:17,5:50:33,,,14:20:30,5226,24377,21033,417,577,51630,86,80,15,87,83,17,91,89,21,86,80,15,Finisher,2539
Welmar,Saavedra,Welmar Saavedra,194,M35-39,Male,Lahug,Cebu,Philippines,PH,1:15:54,6:33:14,6:21:59,,,14:20:53,4554,23594,22919,282,305,51653,87,81,16,27,26,9,57,56,12,87,81,16,Finisher,2596
Chester,Catilago,Chester Catilago,242,M40-44,Male,Paranaque City,Metro Manila,Philippines,PH,1:52:00,6:34:31,5:45:18,,,14:22:13,6720,23671,20718,291,332,51733,88,82,21,209,193,49,105,103,24,88,82,21,Finisher,1764
Rogelio,Sotto,Rogelio Sotto,410,M50-54,Male,Brgy. San Agustin 3,"City of Dasmarinas, Cavite",Philippines,PH,1:45:43,5:57:58,6:23:25,,,14:23:30,6343,21478,23005,441,543,51810,89,83,13,190,176,24,56,55,11,89,83,13,Finisher,2872
Erwyn,Zuñiga,Erwyn Zuñiga,111,M30-34,Male,"Sto, Niño",MARIKINA,Philippines,PH,1:37:37,6:52:03,5:37:36,,,14:25:50,5857,24723,20256,623,491,51950,90,84,12,148,138,16,117,114,17,90,84,12,Finisher,2682
Celso,Cailipan,Celso Cailipan,307,M45-49,Male,Tikay Malolos,Bulacan,Philippines,PH,1:34:32,6:33:04,6:01:25,,,14:26:01,5672,23584,21685,390,629,51961,91,85,16,130,122,25,79,77,15,91,85,16,Finisher,2472
Jonathan,Boc,Jonathan Boc,383,M50-54,Male,Cagayan de Oro City,PH-MSR,Philippines,PH,1:42:05,6:39:45,5:49:47,,,14:26:02,6125,23985,20987,398,467,51962,92,86,14,173,162,21,101,99,16,92,86,14,Finisher,2842
Paolo,Mercado,Paolo Mercado,392,M50-54,Male,Taguig,NATIONAL CAPITAL REGION,Philippines,PH,1:29:39,6:37:34,6:02:21,,,14:28:16,5379,23854,21741,402,720,52096,93,87,15,107,102,14,78,76,14,93,87,15,Finisher,2815
Tom,Navasero,Tom Navasero,443,M60-64,Male,BGC,Taguig,Philippines,PH,1:23:43,6:46:19,6:06:11,,,14:28:29,5023,24379,21971,384,352,52109,94,88,3,68,66,2,85,83,3,94,88,3,Finisher,3593
Jonathan,Pido,Jonathan Pido,468,M35-39,Male,Carmen,Davao del Norte,Philippines,PH,1:46:57,6:46:54,5:42:58,,,14:30:30,6417,24414,20578,313,507,52230,95,89,17,199,184,30,114,112,21,95,89,17,Finisher,2481
Oliver Ii,Dizon,Oliver Ii Dizon,311,M45-49,Male,Calamba,,Philippines,PH,1:34:06,7:06:51,5:35:02,,,14:31:01,5646,25611,20102,421,480,52261,96,90,17,127,119,24,138,134,29,96,90,17,Finisher,2412
Elicsar,Caladiao,Elicsar Caladiao,315,M45-49,Male,"Mabiga, Mabalacat Citu",PH-PAM,Philippines,PH,1:40:37,6:23:46,6:17:09,,,14:31:36,6037,23026,22629,292,312,52296,97,91,18,164,154,35,76,74,14,97,91,18,Finisher,2405
Jose Mari,Cagurangan,Jose Mari Cagurangan,322,M45-49,Male,Cavite,Cavite,Philippines,PH,1:27:30,6:21:15,6:25:08,,,14:32:37,5250,22875,23108,524,599,52357,98,92,19,92,87,18,61,60,10,98,92,19,Finisher,2393
Robert,Shannon,Robert Shannon,448,M60-64,Male,Butuan,,United States,US,1:31:41,7:02:45,5:39:01,,,14:33:37,5501,25365,20341,611,598,52417,99,93,4,118,112,6,129,125,4,99,93,4,Finisher,3532
Francis Dale C,Fabiana,Francis Dale C Fabiana,159,M35-39,Male,Muntinlupa City,Metro Manila,Philippines,PH,1:29:29,6:57:08,5:53:36,,,14:38:35,5369,25028,21216,588,514,52715,100,94,18,103,98,18,109,107,19,100,94,18,Finisher,2384
John Paul Stephen Bernie,Corpus,John Paul Stephen Bernie Corpus,223,M40-44,Male,Ayala Alabang,Muntinlupa,Philippines,PH,1:28:55,7:11:53,5:36:40,,,14:39:09,5335,25913,20200,524,778,52749,101,95,22,99,94,18,140,136,33,101,95,22,Finisher,1561
Jan Dennis,Borbolla,Jan Dennis Borbolla,112,M30-34,Male,Penaranda,,Philippines,PH,1:20:16,6:17:42,6:46:34,,,14:39:17,4816,22662,24394,414,472,52757,102,96,13,44,43,6,47,46,8,102,96,13,Finisher,2520
Anthony Oscar,Llaguno,Anthony Oscar Llaguno,108,M30-34,Male,Legazpi ,PH-ALB,Philippines,PH,1:23:15,6:22:36,6:37:28,,,14:39:24,4995,22956,23848,271,694,52764,103,97,14,62,60,11,54,53,10,103,97,14,Finisher,2519
Romulo,Rosell,Romulo Rosell,304,M45-49,Male,Jagobiao Mandaue,Cebu,Philippines,PH,1:36:16,6:42:29,6:03:21,,,14:40:12,5776,24149,21801,454,632,52812,104,98,20,137,128,26,97,95,22,104,98,20,Finisher,2302
Kevin Shem Isaiah,Sanchez,Kevin Shem Isaiah Sanchez,107,M30-34,Male,Matandang Balara,Metro Manila,Philippines,PH,1:22:49,6:30:16,6:35:07,,,14:42:48,4969,23416,23707,375,501,52968,105,99,15,59,57,10,66,65,12,105,99,15,Finisher,2478
Rodrigo Jr,Bonggao,Rodrigo Jr Bonggao,298,M45-49,Male,Del Rosario,NAGA CITY CAMARINES SUR,Philippines,PH,1:25:54,6:41:47,6:21:34,,,14:43:14,5154,24107,22894,413,426,52994,106,100,21,80,76,14,80,78,16,106,100,21,Finisher,2266
James,Santiago,James Santiago,246,M40-44,Male,"Silangan, San Mateo",Rizal,Philippines,PH,1:29:31,7:17:26,5:38:30,,,14:46:29,5371,26246,20310,428,833,53189,107,101,23,104,99,19,146,140,34,107,101,23,Finisher,1473
Nico Feliciano,Garcia,Nico Feliciano Garcia,212,M40-44,Male,San Diego Zone 2 Tayabas,Quezon,Philippines,PH,1:22:33,6:42:41,6:16:40,,,14:47:53,4953,24161,22600,627,932,53273,108,102,24,57,55,10,83,81,15,108,102,24,Finisher,1456
Ranillo,Segui,Ranillo Segui,264,M40-44,Male,Cabaroan/Bantay,Ilocos Sur,Philippines,PH,1:47:09,6:35:52,6:08:20,,,14:48:00,6429,23752,22100,372,627,53280,109,103,25,200,185,45,102,100,22,109,103,25,Finisher,1454
Luis Antonio,Carballo,Luis Antonio Carballo,247,M40-44,Male,Pasig City,00,Philippines,PH,1:17:13,6:30:43,6:41:24,,,14:50:23,4633,23443,24084,459,804,53423,110,104,26,34,33,7,59,58,11,110,104,26,Finisher,1426
Mark Brian,Miranda,Mark Brian Miranda,132,M30-34,Male,Mambog 4,Bacoor cavite,Philippines,PH,1:41:36,6:46:18,6:05:06,,,14:54:58,6096,24378,21906,658,660,53698,111,105,16,170,159,18,113,111,16,111,105,16,Finisher,2332
Karl T,Reformina,Karl T Reformina,234,M40-44,Male,"Brgy. LANGKAAN, Dasmariñas City",CAV,Philippines,PH,1:49:26,6:30:46,6:15:02,,,14:55:41,6566,23446,22502,580,647,53741,112,106,27,203,187,47,103,101,23,112,106,27,Finisher,1362
Alvin,Paras,Alvin Paras,186,M35-39,Male,CAGAYAN DE ORO CITY,MISAMIS ORIENTAL,Philippines,PH,1:42:18,6:44:05,6:08:28,,,14:57:34,6138,24245,22108,641,721,53854,113,107,19,176,164,29,110,108,20,113,107,19,Finisher,2156
Raymond,Uy,Raymond Uy,144,M35-39,Male,Dao District,BOHOL,Philippines,PH,1:39:35,7:01:29,5:56:14,,,14:57:43,5975,25289,21374,680,544,53863,114,108,20,159,149,25,143,138,24,114,108,20,Finisher,2154
Ma,Evangeline Endaya,Ma Evangeline Endaya,530,F50-54,Female,Paranaque,Metro Manila,Philippines,PH,1:42:08,7:15:38,5:37:34,,,14:59:30,6128,26138,20254,722,730,53970,115,7,2,174,12,1,170,9,3,115,7,2,Finisher,4097
Raffy,Tima,Raffy Tima,333,M45-49,Male,Quezon City,Metro Manila,Philippines,PH,1:21:55,6:44:24,6:32:47,,,15:00:06,4915,24264,23567,671,589,54006,116,109,22,51,50,12,87,85,19,116,109,22,Finisher,2063
Ericson,Medina,Ericson Medina,360,M45-49,Male,Bacoor,CAVITE,Philippines,PH,1:41:40,6:46:10,6:10:36,,,15:03:58,6100,24370,22236,680,852,54238,117,110,23,171,160,36,115,113,24,117,110,23,Finisher,2017
Richard,Salazar,Richard Salazar,265,M40-44,Male,General trias cavite,PH-CAV,Philippines,PH,1:27:24,6:46:51,6:31:01,,,15:04:09,5244,24411,23461,489,644,54249,118,111,28,89,84,15,93,91,18,118,111,28,Finisher,1261
Jose Paolo,Rufo,Jose Paolo Rufo,193,M35-39,Male,Barangay Ususan,PH-00,Philippines,PH,1:41:09,6:54:23,6:08:06,,,15:06:40,6069,24863,22086,653,729,54400,119,112,21,166,156,26,133,129,23,119,112,21,Finisher,2047
Levy,Ang,Levy Ang,385,M50-54,Male,Makati City,NATIONAL CAPITAL REGION,Philippines,PH,1:16:47,6:02:33,7:33:54,,,15:06:41,4607,21753,27234,357,450,54401,120,113,16,32,31,4,24,24,6,120,113,16,Finisher,2354
Salvador,Sambalilo,Salvador Sambalilo,289,M45-49,Male,Cavite City,CAVITE,Philippines,PH,1:42:50,7:03:50,6:10:08,,,15:06:53,6170,25430,22208,302,303,54413,121,114,24,178,166,37,142,137,31,121,114,24,Finisher,1982
Jorge Marcel,Temblique,Jorge Marcel Temblique,170,M35-39,Male,Quezon City,PH-00,Philippines,PH,1:08:46,7:06:01,6:27:24,,,15:07:28,4126,25561,23244,599,919,54448,122,115,22,12,12,2,94,92,17,122,115,22,Finisher,2037
Anthony Miguel,Gloria,Anthony Miguel Gloria,137,M35-39,Male,Barangay Mayamot,RIZAL,Philippines,PH,1:16:24,7:14:48,6:09:32,,,15:07:51,4584,26088,22172,769,859,54471,123,116,23,30,29,11,128,124,22,123,116,23,Finisher,2033
Niel,Parco,Niel Parco,235,M40-44,Male,atimonan,quezon,Philippines,PH,1:30:38,7:23:20,5:51:54,,,15:07:57,5438,26600,21114,588,735,54477,124,117,29,112,107,23,159,152,38,124,117,29,Finisher,1215
Raymond,Posadas,Raymond Posadas,342,M45-49,Male,Mandaluyong City,Metro Manila,Philippines,PH,1:20:26,6:49:30,6:35:02,,,15:08:48,4826,24570,23702,534,896,54528,125,118,25,46,45,11,88,86,20,125,118,25,Finisher,1959
Benjamin,Lo Jr.,Benjamin Lo Jr.,271,M40-44,Male,Sta mesa,Manila,Philippines,PH,1:27:24,6:54:05,6:33:23,,,15:08:55,5244,24845,23603,384,460,54535,126,119,30,90,85,16,99,97,20,126,119,30,Finisher,1203
Ramil,Dumantay,Ramil Dumantay,321,M45-49,Male,Balagtas,Bulacan,Philippines,PH,1:43:43,6:44:55,6:14:20,,,15:09:19,6223,24295,22460,585,996,54559,127,120,26,181,169,39,112,110,23,127,120,26,Finisher,1953
Dexter,Tulibas,Dexter Tulibas,361,M45-49,Male,Brgy 24-A,Gingoog city,Philippines,PH,1:31:28,7:23:26,6:01:07,,,15:10:05,5488,26606,21667,375,470,54605,128,121,27,117,111,22,155,148,35,128,121,27,Finisher,1944
Rj,Chua,Rj Chua,127,M30-34,Male,Ricarte,ILOCOS NORTE,Philippines,PH,1:46:17,7:08:20,6:00:55,,,15:13:10,6377,25700,21655,560,497,54790,129,122,17,195,180,20,160,153,20,129,122,17,Finisher,2114
Jedrik,Ching,Jedrik Ching,192,M35-39,Male,Pasay City,,Philippines,PH,2:12:07,7:05:12,5:42:41,,,15:13:39,7927,25512,20561,371,449,54819,130,123,24,224,207,34,186,174,28,130,123,24,Finisher,1963
Joselito,Patayan,Joselito Patayan,429,M55-59,Male,Agusan del norte,Butuan city,Philippines,PH,1:51:45,7:14:42,5:50:56,,,15:13:41,6705,26082,21056,456,522,54821,131,124,4,208,192,10,177,166,6,131,124,4,Finisher,2491
Lemuel,Duhaylungsod,Lemuel Duhaylungsod,229,M40-44,Male,"Brgy. Canitoan, Cagayan de Oro City",Misamis Oriental,Philippines,PH,1:49:11,7:08:50,6:02:31,,,15:18:31,6551,25730,21751,455,624,55111,132,125,31,202,186,46,165,158,40,132,125,31,Finisher,1088
Emerson,Pejo,Emerson Pejo,348,M45-49,Male,"Magtaking, San Carlos City",Pangasinan,Philippines,PH,1:26:15,7:03:47,6:25:11,,,15:19:21,5175,25427,23111,604,843,55161,133,126,28,83,79,16,118,115,25,133,126,28,Finisher,1832
Xerxes Anthony,Delgado,Xerxes Anthony Delgado,211,M40-44,Male,Pasig City,METRO MANILA,Philippines,PH,1:32:59,7:01:01,6:20:51,,,15:21:07,5579,25261,22851,681,894,55267,134,127,32,123,117,27,131,127,29,134,127,32,Finisher,1057
Jojo,Santos,Jojo Santos,198,M40-44,Male,Gulod Malaya,"San Mateo, Rizal",Philippines,PH,1:27:53,7:06:28,6:27:50,,,15:22:50,5273,25588,23270,534,705,55370,135,128,33,96,91,17,127,123,28,135,128,33,Finisher,1036
Marlon,Quidasol,Marlon Quidasol,302,M45-49,Male,Valenzuela City,NCR,Philippines,PH,1:32:59,7:05:11,6:27:57,,,15:23:48,5579,25511,23277,518,543,55428,136,129,29,122,116,23,135,131,28,136,129,29,Finisher,1779
NGAN,LAM TUC ,NGAN LAM TUC,542,F25-29,Female,Ho Chi Minh,VN-SG,Vietnam,VN,1:22:00,7:44:05,6:07:41,,,15:23:58,4920,27845,22061,285,327,55438,137,8,1,52,2,1,172,10,1,137,8,1,Finisher,5000
Esteban,Cauton,Esteban Cauton,335,M45-49,Male,Brookside,Benguet,Philippines,PH,1:43:37,7:25:08,5:59:23,,,15:28:22,6217,26708,21563,575,639,55702,138,130,30,180,168,38,180,169,41,138,130,30,Finisher,1724
Mark,Jingco,Mark Jingco,290,M45-49,Male,City of San Fernando,PH-PAM,Philippines,PH,1:45:14,6:44:24,6:33:01,,,15:29:51,6314,24264,23581,668,963,55791,139,131,31,188,175,42,120,116,26,139,131,31,Finisher,1706
Rechie Jowell,Tiu,Rechie Jowell Tiu,146,M35-39,Male,Brgy. Doña Josefa,Quezon City,Philippines,PH,1:31:04,7:10:38,6:08:45,,,15:29:55,5464,25838,22125,1347,1021,55795,140,132,25,114,109,21,161,154,26,140,132,25,Finisher,1768
Junnie,Andalan,Junnie Andalan,412,M50-54,Male,"Iponan, Cagayan de Oro City",Misamis Oriental,Philippines,PH,1:52:55,6:26:08,6:57:58,,,15:31:55,6775,23168,25078,378,516,55915,141,133,17,213,196,27,95,93,15,141,133,17,Finisher,2051
Misael,Hamak,Misael Hamak,465,M50-54,Male,GENERAL SANTOS CITY,SOUTH COTABATO,Philippines,PH,1:39:49,6:41:45,6:31:38,,,15:32:21,5989,24105,23498,1284,1065,55941,142,134,18,162,152,20,126,122,19,142,134,18,Finisher,2046
Deo,Pascual,Deo Pascual,134,M30-34,Male,Pampanga,Pampanga,Philippines,PH,1:42:29,6:54:57,6:41:28,,,15:35:39,6149,24897,24088,446,559,56139,143,135,18,177,165,19,130,126,19,143,135,18,Finisher,1844
Nathaniel,Nanglihan,Nathaniel Nanglihan,317,M45-49,Male,"Molino 4, Bacoor",Cavite,Philippines,PH,1:43:55,7:06:27,6:27:03,,,15:38:19,6235,25587,23223,573,680,56299,144,136,32,182,170,40,152,145,33,144,136,32,Finisher,1605
Brian Aubrey,Castillo,Brian Aubrey Castillo,346,M45-49,Male,Bunducan Bocaue,Bulacan,Philippines,PH,1:37:34,7:28:02,6:17:12,,,15:39:30,5854,26882,22632,353,648,56370,145,137,33,146,136,29,173,163,39,145,137,33,Finisher,1591
Connor,Emeny,Connor Emeny,472,M25-29,Male,Toronto ,ON,Canada,CA,1:19:35,7:20:30,6:44:45,,,15:40:28,4775,26430,24285,368,570,56428,146,138,3,39,38,1,132,128,3,146,138,3,Finisher,3015
Rodney,Dejilla,Rodney Dejilla,378,M50-54,Male,"Brgy. Mandalagan, Bacolod City",Negros Occidental,Philippines,PH,1:20:59,7:36:16,6:26:21,,,15:40:37,4859,27376,23181,492,528,56437,147,139,19,47,46,7,163,156,22,147,139,19,Finisher,1947
Noel Arthur,Cruz,Noel Arthur Cruz,119,M30-34,Male,Barangay Poblacion 4C,Cavite,Philippines,PH,1:21:35,7:08:14,6:53:34,,,15:41:20,4895,25694,24814,659,417,56480,148,140,19,50,49,7,121,117,18,148,140,19,Finisher,1776
Nylah,Bautista,Nylah Bautista,523,F45-49,Female,"Taguig, Fort Bonifacio",Intl State,Philippines,PH,1:24:45,7:39:43,6:21:21,,,15:41:35,5085,27583,22881,440,507,56495,149,9,2,74,4,2,174,11,2,149,9,2,Finisher,3314
Allan,Nicolas,Allan Nicolas,183,M35-39,Male,"Panginay, Balagtas",Bulacan,Philippines,PH,1:29:36,7:42:24,6:13:05,,,15:42:10,5376,27744,22385,397,629,56530,150,141,26,105,100,19,181,170,27,150,141,26,Finisher,1621
Nestor,Ramirez,Nestor Ramirez,369,M45-49,Male,los banos laguna,laguna,Philippines,PH,1:44:47,7:34:13,6:06:23,,,15:42:10,6287,27253,21983,543,464,56530,151,142,34,185,172,41,190,178,43,151,142,34,Finisher,1559
Sydney,Go,Sydney Go,310,M45-49,Male,Subangdaku,Mandaue,Philippines,PH,1:39:43,7:03:08,6:42:29,,,15:43:08,5983,25388,24149,386,680,56588,152,143,35,160,150,34,139,135,30,152,143,35,Finisher,1547
Petronilo Jr,Abuan,Petronilo Jr Abuan,411,M50-54,Male,Los banos,PH-LAG,Philippines,PH,1:36:00,7:38:31,6:05:21,,,15:43:17,5760,27511,21921,435,971,56597,153,144,20,135,126,17,184,173,23,153,144,20,Finisher,1915
Jefrey,Codino,Jefrey Codino,273,M40-44,Male,Cebu City,NY,Philippines,PH,1:31:04,7:34:29,6:14:50,,,15:43:43,5464,27269,22490,701,698,56623,154,145,34,113,108,24,178,167,43,154,145,34,Finisher,1000
Lexter,Ansaldo,Lexter Ansaldo,145,M35-39,Male,davao,PH-DAS,Philippines,PH,1:38:01,6:44:57,7:00:51,,,15:45:56,5881,24297,25251,453,874,56756,155,146,27,149,139,24,104,102,18,155,146,27,Finisher,1576
Jimboy,Donayre,Jimboy Donayre,114,M30-34,Male,DAVAO,Davao del Norte,Philippines,PH,1:39:34,6:51:07,7:01:01,,,15:46:01,5974,24667,25261,402,457,56761,156,147,20,158,148,17,111,109,15,156,147,20,Finisher,1720
Geraldine,Abuan,Geraldine Abuan,534,F55-59,Female,Los Banos,Laguna,Philippines,PH,1:33:46,7:16:46,6:36:21,,,15:46:03,5626,26206,23781,379,771,56763,157,10,3,126,8,1,149,7,3,157,10,3,Finisher,3302
Eduardo,Roquero,Eduardo Roquero,285,M45-49,Male,West Fairview,Quezon City,Philippines,PH,1:38:45,7:27:07,6:29:21,,,15:48:00,5925,26827,23361,424,343,56880,158,148,36,153,143,32,176,165,40,158,148,36,Finisher,1489
Ramil,Ranario,Ramil Ranario,291,M45-49,Male,Lipa City,,Philippines,PH,1:50:18,7:05:54,6:31:53,,,15:48:22,6618,25554,23513,497,721,56902,159,149,37,204,188,44,162,155,36,159,149,37,Finisher,1484
Ronilo,Gonzaga,Ronilo Gonzaga,230,M40-44,Male,palompon,EASTERN VISAYAS,Philippines,PH,1:37:37,7:11:47,6:39:48,,,15:49:38,5857,25907,23988,525,700,56978,160,150,35,147,137,35,150,143,35,160,150,35,Finisher,1000
Roderick,Dilag,Roderick Dilag,297,M45-49,Male,Maysan/Valenzuela,Bulacan,Philippines,PH,1:38:47,7:23:08,6:31:27,,,15:50:13,5927,26588,23487,393,616,57013,161,151,38,154,144,33,169,161,37,161,151,38,Finisher,1462
Marc,Castro,Marc Castro,337,M45-49,Male,Barangay BF Homes Paranaque,Metro Manila,Philippines,PH,1:23:36,7:07:44,6:58:02,,,15:50:58,5016,25664,25082,613,683,57058,162,152,39,65,63,13,123,119,27,162,152,39,Finisher,1453
Tj,Jimenez,Tj Jimenez,427,M55-59,Male,Pasig,PH-00,Philippines,PH,1:42:58,6:44:27,7:08:13,,,15:52:34,6178,24267,25693,453,563,57154,163,153,5,179,167,7,107,105,4,163,153,5,Finisher,2025
Joshua,Redillas,Joshua Redillas,277,M40-44,Male,"Brgy Mayamot, Antipolo City",Rizal,Philippines,PH,1:35:53,7:35:35,6:24:32,,,15:52:55,5753,27335,23072,466,548,57175,164,154,36,134,125,30,182,171,44,164,154,36,Finisher,1000
Marvin,Malia,Marvin Malia,364,M45-49,Male,Panabo City,DAV,Philippines,PH,1:59:59,7:19:50,6:15:22,,,15:53:08,7199,26390,22522,503,575,57188,165,155,40,219,202,48,192,180,44,165,155,40,Finisher,1427
Lhorjy,Lasan,Lhorjy Lasan,516,F40-44,Female,Brgy. Paligsahan Quezon City,Quezon City,Philippines,PH,1:31:19,7:42:43,6:17:21,,,15:53:08,5479,27763,22641,504,801,57188,166,11,2,116,6,2,185,12,2,166,11,2,Finisher,2363
Eric,Tan,Eric Tan,261,M40-44,Male,Pasig City,Metro Manila,Philippines,PH,1:17:20,6:52:09,7:21:11,,,15:56:54,4640,24729,26471,456,1119,57414,167,156,37,36,35,8,86,84,16,167,156,37,Finisher,1000
Jay,Cantuja,Jay Cantuja,149,M35-39,Male,Inuboran,Cebu,Philippines,PH,1:34:16,7:14:09,6:51:48,,,15:57:19,5656,26049,24708,357,670,57439,168,157,28,129,121,23,147,141,25,168,157,28,Finisher,1439
Jeronemo,Turla,Jeronemo Turla,343,M45-49,Male,"Matatalaib, Tarlac city",Ph,Philippines,PH,1:45:57,7:11:54,6:29:01,,,15:58:30,6357,25914,23341,763,1136,57510,169,158,41,192,178,43,171,162,38,169,158,41,Finisher,1363
Dennis Michael,Cruz,Dennis Michael Cruz,370,M45-49,Male,San Mateo,Rizal,Philippines,PH,1:38:37,7:56:18,6:03:41,,,15:59:49,5917,28578,21821,471,802,57589,170,159,42,152,142,31,208,194,46,170,159,42,Finisher,1347
Dennis,Lomanta,Dennis Lomanta,421,M50-54,Male,Matina,Davao City,Philippines,PH,2:16:11,7:40:57,5:48:10,,,16:00:27,8171,27657,20890,468,440,57627,171,160,21,225,208,31,224,207,31,171,160,21,Finisher,1709
Lirby Ramilla,Repayo,Lirby Ramilla Repayo,329,M45-49,Male,"Manggahan, pasig",Manila,Philippines,PH,1:50:22,8:00:06,5:48:23,,,16:01:08,6622,28806,20903,634,704,57668,172,161,43,205,189,45,223,206,48,172,161,43,Finisher,1331
Rodney Carlo,Cordova,Rodney Carlo Cordova,267,M40-44,Male,Ligas,Malolos City Bulacan,Philippines,PH,1:45:48,7:33:47,6:22:22,,,16:03:08,6348,27227,22942,477,794,57788,173,162,38,191,177,44,189,177,45,173,162,38,Finisher,1000
Jomick,Lumawig,Jomick Lumawig,356,M45-49,Male,Kapitolyo,"PASIG, METRO MANILA",Philippines,PH,1:37:33,7:39:44,6:26:03,,,16:07:15,5853,27584,23163,524,911,58035,174,163,44,145,135,28,188,176,42,174,163,44,Finisher,1258
Dennis,Gan,Dennis Gan,191,M35-39,Male,Pasig,Metro Manila,Philippines,PH,1:29:00,8:07:32,6:05:34,,,16:08:58,5340,29252,21934,822,789,58138,175,164,29,100,95,17,215,200,31,175,164,29,Finisher,1299
Roldan,Calda,Roldan Calda,284,M40-44,Male,"Brgy Sacsac, Bacong, Negros Oriental",Negros Oriental,Philippines,PH,1:37:28,7:59:35,6:14:30,,,16:10:27,5848,28775,22470,446,688,58227,176,165,39,143,133,34,209,195,49,176,165,39,Finisher,1000
Danilo,Zapanta,Danilo Zapanta,416,M50-54,Male,Taguig,NATIONAL CAPITAL REGION,Philippines,PH,1:42:08,7:07:23,6:54:43,,,16:10:37,6128,25643,24883,520,1062,58237,177,166,22,175,163,22,151,144,20,177,166,22,Finisher,1587
Giovanni,Bausing,Giovanni Bausing,233,M40-44,Male,Canlubang,"Calamba, Laguna",Philippines,PH,1:30:18,7:04:22,7:18:26,,,16:12:34,5418,25462,26306,428,740,58354,178,167,40,110,105,22,124,120,27,178,167,40,Finisher,1000
Emeric,Fernandez,Emeric Fernandez,239,M40-44,Male,Paranaque,PH-00,Philippines,PH,1:36:19,7:20:00,6:55:04,,,16:12:34,5779,26400,24904,640,631,58354,179,168,41,138,129,32,166,159,41,179,168,41,Finisher,1000
Robert Jr,Visbal,Robert Jr Visbal,426,M55-59,Male,Brgy Inchican,PH-CAV,Philippines,PH,1:26:50,7:24:37,6:55:35,,,16:12:57,5210,26677,24935,605,950,58377,180,169,6,86,82,4,156,149,5,180,169,6,Finisher,1780
Joshua Elijah,Ong,Joshua Elijah Ong,174,M35-39,Male,Baliwag City,PH-BUL,Philippines,PH,1:41:15,7:34:16,6:26:17,,,16:15:47,6075,27256,23177,887,1151,58547,181,170,30,167,157,27,195,183,29,181,170,30,Finisher,1218
Bouye Joseph,Letigio,Bouye Joseph Letigio,477,M50-54,Male,Malaybalay City,Bukidnon,Philippines,PH,1:38:47,7:09:55,7:00:59,,,16:15:53,5927,25795,25259,703,869,58553,182,171,23,155,145,19,154,147,21,182,171,23,Finisher,1524
Aris,Parmisano,Aris Parmisano,150,M35-39,Male,Banawa,Cebu,Philippines,PH,1:52:04,7:29:21,6:32:12,,,16:17:53,6724,26961,23532,678,778,58673,183,172,31,211,195,32,200,187,30,183,172,31,Finisher,1192
Ariel,Basan,Ariel Basan,262,M40-44,Male,Malaybalay city,Bukidnon,Philippines,PH,1:31:18,7:23:36,6:56:31,,,16:19:07,5478,26616,24991,639,1022,58747,184,173,42,115,110,25,164,157,39,184,173,42,Finisher,1000
Jay Valham,Pingul,Jay Valham Pingul,425,M55-59,Male,Gen.t.de leon,Valenzuela City,Philippines,PH,1:46:36,7:47:05,6:24:10,,,16:19:25,6396,28025,23050,744,551,58765,185,174,7,198,183,9,213,199,10,185,174,7,Finisher,1702
Rex,Dalmacio,Rex Dalmacio,269,M40-44,Male,"Cupang, Antipolo City",RIZ,Philippines,PH,1:43:55,6:56:27,7:21:02,,,16:19:28,6235,24987,26462,454,630,58768,186,175,43,183,171,42,137,133,32,186,175,43,Finisher,1000
Jossette,Tanghal,Jossette Tanghal,537,F45-49,Female,Meycauayan,Bulacan,Philippines,PH,1:52:41,7:34:31,6:30:30,,,16:19:56,6761,27271,23430,633,701,58796,187,12,3,212,17,4,202,14,3,187,12,3,Finisher,2854
Jofert,Petalino,Jofert Petalino,215,M40-44,Male,Pasay City,Manila,Philippines,PH,1:41:36,7:19:37,6:58:45,,,16:20:36,6096,26377,25125,413,825,58836,188,176,44,169,158,41,168,160,42,188,176,44,Finisher,1000
Jinho,Shin,Jinho Shin,441,M55-59,Male,Manila,PH-00,Philippines,PH,1:22:25,7:59:28,6:40:11,,,16:22:11,4945,28768,24011,380,827,58931,189,177,8,56,54,2,193,181,8,189,177,8,Finisher,1669
Josef,Gueta,Josef Gueta,450,M65-69,Male,Makati City,Intl State,Philippines,PH,1:36:56,7:33:20,6:51:48,,,16:24:19,5816,27200,24708,585,750,59059,190,178,1,141,131,1,183,172,1,190,178,1,Finisher,5000
Kenneth,Del Rosario,Kenneth Del Rosario,445,M60-64,Male,Azcko,Benguet,Philippines,PH,1:38:32,7:57:46,6:30:21,,,16:25:22,5912,28666,23421,500,623,59122,191,179,5,151,141,7,210,196,7,191,179,5,Finisher,2191
Norberto Iii,Aquino,Norberto Iii Aquino,406,M50-54,Male,Dulong Bayan,Cavite,Philippines,PH,1:46:09,6:45:34,7:29:59,,,16:25:25,6369,24334,26999,637,786,59125,192,180,24,193,179,25,125,121,18,192,180,24,Finisher,1409
Merlyn,Abong,Merlyn Abong,510,F40-44,Female,Taguig City,Metro Manila,Philippines,PH,1:33:29,7:50:06,6:42:41,,,16:27:50,5609,28206,24161,516,778,59270,193,13,3,125,7,3,199,13,3,193,13,3,Finisher,1947
Mario,Rapadas,Mario Rapadas,428,M55-59,Male,Concepcios Dos,00,Philippines,PH,1:46:28,7:33:06,6:43:24,,,16:28:22,6388,27186,24204,726,798,59302,194,181,9,196,181,8,198,186,9,194,181,9,Finisher,1595
Pol David,Buencamino,Pol David Buencamino,101,M18-24,Male,San Jose,"San Miguel, Bulacan",Philippines,PH,1:29:25,6:49:12,7:56:37,,,16:30:39,5365,24552,28597,448,477,59439,195,182,1,102,97,1,96,94,1,195,182,1,Finisher,5000
JANSSEN JAMES,MORADOS,JANSSEN JAMES MORADOS,340,M45-49,Male,Binan,PH-LAG,Philippines,PH,1:20:21,7:28:20,7:23:44,,,16:30:40,4821,26900,26624,420,675,59440,196,183,45,45,44,10,148,142,32,196,183,45,Finisher,1000
Julian Ricardo,Alvarade,Julian Ricardo Alvarade,105,M25-29,Male,Bagong Ilog,Pasig,Philippines,PH,1:53:42,7:30:26,6:55:11,,,16:32:48,6822,27026,24911,296,513,59568,197,184,4,215,198,4,194,182,4,197,184,4,Finisher,2387
Ryan,Rendon,Ryan Rendon,225,M40-44,Male,"Bulihan, City of Malolos",Bulacan,Philippines,PH,2:05:27,7:10:51,6:45:08,,,16:33:05,7527,25851,24308,707,1192,59585,198,185,45,222,205,50,191,179,46,198,185,45,Finisher,1000
Neil Angelo,Delarmente,Neil Angelo Delarmente,220,M40-44,Male,Tunasan,Muntinlupa,Philippines,PH,1:51:41,7:35:12,6:43:19,,,16:33:32,6701,27312,24199,703,698,59612,199,186,46,207,191,48,204,190,48,199,186,46,Finisher,1000
Allan,Alagao,Allan Alagao,363,M45-49,Male,San Joaquin,Pasig City,Philippines,PH,1:52:03,8:00:16,6:15:51,,,16:34:08,6723,28816,22551,485,1073,59648,200,187,46,210,194,46,222,205,47,200,187,46,Finisher,1000
Neil,Regino,Neil Regino,244,M40-44,Male,San vicente,CALABARZON,Philippines,PH,1:39:47,7:15:17,7:22:28,,,16:34:09,5987,26117,26548,459,539,59649,201,188,47,161,151,38,158,151,37,201,188,47,Finisher,1000
Reynaldo,Villanueva,Reynaldo Villanueva,380,M50-54,Male,Quezon city,,Philippines,PH,1:54:34,7:19:38,6:54:11,,,16:35:54,6874,26378,24851,605,1047,59754,202,189,25,216,199,28,187,175,24,202,189,25,Finisher,1283
Edinburgh,Tumuran,Edinburgh Tumuran,395,M50-54,Male,San Isidro Cainta,RIZAL,Philippines,PH,2:07:06,7:26:14,6:42:14,,,16:35:59,7626,26774,24134,548,676,59759,203,190,26,223,206,30,206,192,28,203,190,26,Finisher,1282
Barnard,Peralta,Barnard Peralta,152,M35-39,Male,Antipolo,,Philippines,PH,1:51:10,7:55:09,6:28:22,,,16:36:18,6670,28509,23302,568,729,59778,204,191,32,206,190,31,217,201,32,204,191,32,Finisher,1000
Michael,Enriquez,Michael Enriquez,419,M50-54,Male,San isidro,General Santos City,Philippines,PH,1:34:59,7:44:15,6:48:37,,,16:36:49,5699,27855,24517,901,836,59809,205,192,27,131,123,16,201,188,25,205,192,27,Finisher,1272
Mark Anthony,Francisco,Mark Anthony Francisco,338,M45-49,Male,Brgy. Cay Pombo,Sta.Maria Bulacan,Philippines,PH,1:59:19,7:20:45,6:47:59,,,16:36:55,7159,26445,24479,691,1041,59815,206,193,47,218,201,47,197,185,45,206,193,47,Finisher,1000
Luis,Alvarez,Luis Alvarez,483,M60-64,Male,MIGUEL HIDALGO,MX-CMX,Mexico,MX,1:24:24,7:17:26,7:24:25,,,16:37:26,5064,26246,26665,662,1209,59846,207,194,6,73,70,3,144,139,5,207,194,6,Finisher,2046
Grace,Jimenez,Grace Jimenez,539,F50-54,Female,Oranbo,Pasig,Philippines,PH,1:44:38,7:59:58,6:34:47,,,16:37:42,6278,28798,23687,454,645,59862,208,14,3,184,13,2,216,16,5,208,14,3,Finisher,2918
Henry,Fauni,Henry Fauni,480,M55-59,Male,Chino,CA,Philippines,PH,2:00:31,7:44:58,6:28:19,,,16:37:53,7231,27898,23299,715,730,59873,209,195,10,220,203,11,220,203,11,209,195,10,Finisher,1481
Khristian,Sampayan,Khristian Sampayan,139,M35-39,Male,Batac City,Ilocos Norte,Philippines,PH,1:41:52,8:04:47,6:33:40,,,16:38:56,6112,29087,23620,550,567,59936,210,196,33,172,161,28,218,202,33,210,196,33,Finisher,1000
Ferdinand,Bautista,Ferdinand Bautista,382,M50-54,Male,Mayamot Antipolo,Rizal,Philippines,PH,1:36:22,7:56:02,6:46:38,,,16:39:21,5782,28562,24398,428,790,59961,211,197,28,139,130,18,205,191,27,211,197,28,Finisher,1242
Juan Paolo,Gonzales,Juan Paolo Gonzales,228,M40-44,Male,"Brgy San Miguel, Pasig",Metro Manila,Philippines,PH,1:37:20,7:42:12,6:59:40,,,16:40:17,5840,27732,25180,695,569,60017,212,198,48,142,132,33,196,184,47,212,198,48,Finisher,1000
Ronald Allan,Ginez,Ronald Allan Ginez,409,M50-54,Male,NANGKA,MARIKINA CITY,Philippines,PH,1:46:32,7:47:45,6:40:17,,,16:41:13,6392,28065,24017,503,1097,60073,213,199,29,197,182,26,207,193,29,213,199,29,Finisher,1220
Enrique,Ramos,Enrique Ramos,396,M50-54,Male,"Bancal Extension, Meyauayan City",Bulacan,Philippines,PH,1:55:46,7:42:21,6:48:21,,,16:42:03,6946,27741,24501,402,534,60123,214,200,30,217,200,29,211,197,30,214,200,30,Finisher,1210
Dexter Joseph,Santos,Dexter Joseph Santos,386,M50-54,Male,"Sta Mesa, Manila",Metro Manila NCR,Philippines,PH,1:44:55,7:45:19,6:53:29,,,16:43:09,6295,27919,24809,483,683,60189,215,201,31,186,173,23,203,189,26,215,201,31,Finisher,1196
Anwar,Abdulmajid,Anwar Abdulmajid,283,M40-44,Male,Isabela City,Basilan,Philippines,PH,1:35:20,7:19:06,7:31:08,,,16:43:18,5720,26346,27068,451,613,60198,216,202,49,132,124,29,157,150,36,216,202,49,Finisher,1000
Geraldo,Costa,Geraldo Costa,435,M55-59,Male,Baguio City,BR-MG,Philippines,PH,1:27:44,7:39:10,7:13:03,,,16:44:49,5264,27550,25983,626,866,60289,217,203,11,94,89,5,179,168,7,217,203,11,Finisher,1398
Nerza Marie,Del Rosario,Nerza Marie Del Rosario,525,F45-49,Female,Tondo,Manila,Philippines,PH,1:41:22,8:03:46,6:31:50,,,16:45:07,6082,29026,23510,709,980,60307,218,15,4,168,11,3,219,17,4,218,15,4,Finisher,2552
Luisita,Jadulco,Luisita Jadulco,536,F50-54,Female,Consolacion,PH-CEB,Philippines,PH,1:46:12,7:12:27,7:25:57,,,16:46:54,6372,25947,26757,557,781,60414,219,16,4,194,15,4,167,8,2,219,16,4,Finisher,2808
Archibald Navarro,Majam,Archibald Navarro Majam,259,M40-44,Male,PARAÑAQUE CITY,Metro Manila,Philippines,PH,1:32:38,8:01:42,6:50:29,,,16:48:37,5558,28902,24629,696,732,60517,220,204,50,119,113,26,212,198,50,220,204,50,Finisher,1000
Bombolini,Bacani,Bombolini Bacani,359,M45-49,Male,Binan,Laguna,Philippines,PH,1:30:30,7:19:05,7:37:04,,,16:49:23,5430,26345,27424,621,742,60563,221,205,48,111,106,21,153,146,34,221,205,48,Finisher,1000
Douglas,Cabal,Douglas Cabal,436,M55-59,Male,Calumpit,Bulacan,Philippines,PH,2:05:21,7:42:11,6:40:12,,,16:51:06,7521,27731,24012,705,697,60666,222,206,12,221,204,12,221,204,12,222,206,12,Finisher,1322
William Delarama,Veto,William Delarama Veto,447,M60-64,Male,New York,NY,Philippines,PH,1:27:47,7:28:49,7:17:27,,,16:51:26,5267,26929,26247,944,1299,60686,223,207,7,95,90,5,175,164,6,223,207,7,Finisher,1878
Christian Jasen,Robles,Christian Jasen Robles,184,M35-39,Male,Calamba,,Philippines,PH,1:53:35,8:11:06,6:26:03,,,16:53:00,6815,29466,23163,626,710,60780,224,208,34,214,197,33,225,208,34,224,208,34,Finisher,1000
Marissa,Dacayanan,Marissa Dacayanan,533,F50-54,Female,Gibraltar Road,Baguio city,Philippines,PH,1:47:22,7:53:16,7:01:43,,,16:58:50,6442,28396,25303,472,517,61130,225,17,5,201,16,5,214,15,4,225,17,5,Finisher,2665
Herbert,Mendiola,Herbert Mendiola,384,M50-54,Male,San Jose,Navotas City,Philippines,PH,,,,,,,0,0,0,0,0,0,99999,99999,99999,99999,99999,99999,99999,99999,99999,99999,99999,99999,DNS,0
Jason,Del Rosario,Jason Del Rosario,231,M40-44,Male,Calibutbut,PAM,Philippines,PH,,,,,,,0,0,0,0,0,0,99999,99999,99999,99999,99999,99999,99999,99999,99999,99999,99999,99999,DQ,0
Eric,Estinopo,Eric Estinopo,394,M50-54,Male,San Jose/San Jose,Bulacan,Philippines,PH,,,,,,,0,0,0,0,0,0,99999,99999,99999,99999,99999,99999,99999,99999,99999,99999,99999,99999,DNS,0
Jose Renato,Badelles,Jose Renato Badelles,431,M55-59,Male,"Talon II, Las Piñas",Metro Manila,Philippines,PH,,,,,,,0,0,0,0,0,0,99999,99999,99999,99999,99999,99999,99999,99999,99999,99999,99999,99999,DNS,0
Armel John,Alicaway,Armel John Alicaway,272,M40-44,Male,"Pasong Buaya 2, Imus",Cavite,Philippines,PH,,,,,,,0,0,0,0,0,0,99999,99999,99999,99999,99999,99999,99999,99999,99999,99999,99999,99999,DNS,0
Lynnette,Vanzuela,Lynnette Vanzuela,519,F40-44,Female,PALOMPON,LEYTE,Philippines,PH,1:48:07,,,,,,6487,0,0,521,0,0,99999,99999,99999,99999,99999,99999,99999,99999,99999,99999,99999,99999,DNF,0
Simon Leo,Jadulco,Simon Leo Jadulco,400,M50-54,Male,Antequera,Bhl,Philippines,PH,,,,,,,0,0,0,0,0,0,99999,99999,99999,99999,99999,99999,99999,99999,99999,99999,99999,99999,DNS,0
Randy,Viacrusis,Randy Viacrusis,266,M40-44,Male,Philam Homes,,Philippines,PH,,,,,,,0,0,0,0,0,0,99999,99999,99999,99999,99999,99999,99999,99999,99999,99999,99999,99999,DNS,0
Marilen,Cruz,Marilen Cruz,528,F45-49,Female,San mateo,Rizal,Philippines,PH,,,,,,,0,0,0,0,0,0,99999,99999,99999,99999,99999,99999,99999,99999,99999,99999,99999,99999,DNS,0
Ruel,Binolirao,Ruel Binolirao,473,M55-59,Male,Cebu City,Cebu City,Philippines,PH,,,,,,,0,0,0,0,0,0,99999,99999,99999,99999,99999,99999,99999,99999,99999,99999,99999,99999,DNS,0
Wilaine Audrey,Chua,Wilaine Audrey Chua,520,F40-44,Female,Barangay Sta. Lucia,Metro Manila,Philippines,PH,,,,,,,0,0,0,0,0,0,99999,99999,99999,99999,99999,99999,99999,99999,99999,99999,99999,99999,DNS,0
Gabriel,Harley,Gabriel Harley,469,M45-49,Male,FPO,AA,United States,US,,,,,,,0,0,0,0,0,0,99999,99999,99999,99999,99999,99999,99999,99999,99999,99999,99999,99999,DNS,0
Ricky,Busran,Ricky Busran,204,M40-44,Male,DON BOSCO,METRO MANILA,Philippines,PH,,,,,,,0,0,0,0,0,0,99999,99999,99999,99999,99999,99999,99999,99999,99999,99999,99999,99999,DNS,0
Shuichi,Kato,Shuichi Kato,418,M50-54,Male,kawit,PH-CAV,Philippines,PH,,,,,,,0,0,0,0,0,0,99999,99999,99999,99999,99999,99999,99999,99999,99999,99999,99999,99999,DNS,0
Michael,Destura,Michael Destura,189,M35-39,Male,"Malanday, Marikina",NCR,Philippines,PH,,,,,,,0,0,0,0,0,0,99999,99999,99999,99999,99999,99999,99999,99999,99999,99999,99999,99999,DNS,0
Editho,Lizada,Editho Lizada,274,M40-44,Male,Koronadal city,South Cotabato,Philippines,PH,,,,,,,0,0,0,0,0,0,99999,99999,99999,99999,99999,99999,99999,99999,99999,99999,99999,99999,DNS,0
Charles,Pamintuan,Charles Pamintuan,173,M35-39,Male,Gumamela Balayan,Batangas,Philippines,PH,,,,,,,0,0,0,0,0,0,99999,99999,99999,99999,99999,99999,99999,99999,99999,99999,99999,99999,DNF,0
Columbo Allan,Aberia,Columbo Allan Aberia,362,M45-49,Male,"Brgy. San Jose, Antipolo City",Rizal,Philippines,PH,,,,,,,0,0,0,0,0,0,99999,99999,99999,99999,99999,99999,99999,99999,99999,99999,99999,99999,DNS,0
Cecilia,Lalisan,Cecilia Lalisan,527,F45-49,Female,San Juan City,,Philippines,PH,1:50:51,8:27:26,6:14:56,,,16:57:48,6651,30446,22496,765,710,61068,99999,99999,99999,99999,99999,99999,99999,99999,99999,99999,99999,99999,DNF,0
Eileen,Bravante,Eileen Bravante,517,F40-44,Female,Sta. Cruz,Antipolo City,Philippines,PH,,,,,,,0,0,0,0,0,0,99999,99999,99999,99999,99999,99999,99999,99999,99999,99999,99999,99999,DNS,0
Kmar,Sulit,Kmar Sulit,110,M30-34,Male,Barani,Batac City,Philippines,PH,,,,,,,0,0,0,0,0,0,99999,99999,99999,99999,99999,99999,99999,99999,99999,99999,99999,99999,DNS,0
Ferdinand,Querijero,Ferdinand Querijero,417,M50-54,Male,neffortville subd,laguna,Philippines,PH,2:06:05,8:23:12,,,,,7565,30192,0,453,0,0,99999,99999,99999,99999,99999,99999,99999,99999,99999,99999,99999,99999,DNF,0
Melvin,Dela Cruz,Melvin Dela Cruz,371,M45-49,Male,Valenzuela,,Philippines,PH,,,,,,,0,0,0,0,0,0,99999,99999,99999,99999,99999,99999,99999,99999,99999,99999,99999,99999,DNS,0
Harry,Daquep,Harry Daquep,250,M40-44,Male,Poblacion san vicente,Ilocos sur,Philippines,PH,,,,,,,0,0,0,0,0,0,99999,99999,99999,99999,99999,99999,99999,99999,99999,99999,99999,99999,DNS,0
Joannes,Adoremus,Joannes Adoremus,185,M35-39,Male,Cainta,Rizal,Philippines,PH,1:51:15,8:46:44,,,,,6675,31604,0,556,0,0,99999,99999,99999,99999,99999,99999,99999,99999,99999,99999,99999,99999,DNF,0
Andreco,Primero,Andreco Primero,294,M45-49,Male,Tinago,Cam Sur,Philippines,PH,,,,,,,0,0,0,0,0,0,99999,99999,99999,99999,99999,99999,99999,99999,99999,99999,99999,99999,DNS,0
Ralph Jerome,Salvador,Ralph Jerome Salvador,177,M35-39,Male,Fairview,Quezon City,Philippines,PH,,,,,,,0,0,0,0,0,0,99999,99999,99999,99999,99999,99999,99999,99999,99999,99999,99999,99999,DNS,0
Meinardo,Opiana,Meinardo Opiana,408,M50-54,Male,Pulanglupa2,Las Piñas City,Philippines,PH,,,,,,,0,0,0,0,0,0,99999,99999,99999,99999,99999,99999,99999,99999,99999,99999,99999,99999,DNS,0
Alfredo Jr.,Santos,Alfredo Jr. Santos,316,M45-49,Male,San Juan,PH-00,Philippines,PH,,,,,,,0,0,0,0,0,0,99999,99999,99999,99999,99999,99999,99999,99999,99999,99999,99999,99999,DNS,0
Luis Paolo,Sotto,Luis Paolo Sotto,121,M30-34,Male,Brgy Onse,"San Juan City, Metro Manila",Philippines,PH,,,,,,,0,0,0,0,0,0,99999,99999,99999,99999,99999,99999,99999,99999,99999,99999,99999,99999,DNS,0
Rigel,Valdez,Rigel Valdez,293,M45-49,Male,San Andres,Cainta Rizal,Philippines,PH,1:32:58,9:06:07,,,,,5578,32767,0,559,0,0,99999,99999,99999,99999,99999,99999,99999,99999,99999,99999,99999,99999,DNF,0
Ani,Brown,Ani Brown,526,F45-49,Female,Canlubang,PH-LAG,Philippines,PH,,,,,,,0,0,0,0,0,0,99999,99999,99999,99999,99999,99999,99999,99999,99999,99999,99999,99999,DNS,0
Jo-Anna,Valladores,Jo-Anna Valladores,518,F40-44,Female,Taytay Rizal,Intl State,Philippines,PH,,,,,,,0,0,0,0,0,0,99999,99999,99999,99999,99999,99999,99999,99999,99999,99999,99999,99999,DNS,0
Irwin,Abrigo,Irwin Abrigo,399,M50-54,Male,Carmen,Cagayan de Oro City,Philippines,PH,1:46:30,8:39:47,,,,,6390,31187,0,1221,0,0,99999,99999,99999,99999,99999,99999,99999,99999,99999,99999,99999,99999,DNF,0
Jason,Delos Reyes,Jason Delos Reyes,357,M45-49,Male,Batangas City,Batangas,Philippines,PH,,,,,,,0,0,0,0,0,0,99999,99999,99999,99999,99999,99999,99999,99999,99999,99999,99999,99999,DNS,0
Sherwin,Montevirgen,Sherwin Montevirgen,324,M45-49,Male,San Rafael,Manila,Philippines,PH,,,,,,,0,0,0,0,0,0,99999,99999,99999,99999,99999,99999,99999,99999,99999,99999,99999,99999,DNS,0
Imar,Oracion,Imar Oracion,245,M40-44,Male,Labangon,Cebu,Philippines,PH,,,,,,,0,0,0,0,0,0,99999,99999,99999,99999,99999,99999,99999,99999,99999,99999,99999,99999,DNS,0
Pancho,Pozon,Pancho Pozon,325,M45-49,Male,Old Balara,Metro Manila,Philippines,PH,1:30:43,8:02:49,,,,,5443,28969,0,532,701,0,99999,99999,99999,99999,99999,99999,99999,99999,99999,99999,99999,99999,DNF,0
Joseph,Cayetano,Joseph Cayetano,258,M40-44,Male,Quezon City,Metro Manila,Philippines,PH,1:52:26,7:50:18,,,,,6746,28218,0,573,724,0,99999,99999,99999,99999,99999,99999,99999,99999,99999,99999,99999,99999,DNF,0
Marcelino,Atanante,Marcelino Atanante,270,M40-44,Male,Quezon City,Metro Manila,Philippines,PH,,,,,,,0,0,0,0,0,0,99999,99999,99999,99999,99999,99999,99999,99999,99999,99999,99999,99999,DNS,0
Rico,Valentin,Rico Valentin,453,M35-39,Male,Lapu Lapu City,Lapu Lapu City,Philippines,PH,,,,,,,0,0,0,0,0,0,99999,99999,99999,99999,99999,99999,99999,99999,99999,99999,99999,99999,DNS,0
Jenny Rose,Guerrero,Jenny Rose Guerrero,509,F35-39,Female,Manggahan,Pasig Metro Manila,Philippines,PH,,,,,,,0,0,0,0,0,0,99999,99999,99999,99999,99999,99999,99999,99999,99999,99999,99999,99999,DNS,0
Matt,Paz De Leon,Matt Paz De Leon,179,M35-39,Male,Manila,Rizal,Philippines,PH,,,,,,,0,0,0,0,0,0,99999,99999,99999,99999,99999,99999,99999,99999,99999,99999,99999,99999,DNS,0
Franz,Baguio,Franz Baguio,180,M35-39,Male,Cebu City,Cebu,Philippines,PH,,,,,,,0,0,0,0,0,0,99999,99999,99999,99999,99999,99999,99999,99999,99999,99999,99999,99999,DNS,0
Chloe Jane,Ong,Chloe Jane Ong,508,F35-39,Female,Manila,Metro manila,Philippines,PH,,,,,,,0,0,0,0,0,0,99999,99999,99999,99999,99999,99999,99999,99999,99999,99999,99999,99999,DNS,0
Gracito,Racca,Gracito Racca,438,M55-59,Male,Marulas,Valenzuela City,Philippines,PH,1:44:43,8:25:06,,,,,6283,30306,0,701,1577,0,99999,99999,99999,99999,99999,99999,99999,99999,99999,99999,99999,99999,DNF,0
Austin,Rayos Del Sol,Austin Rayos Del Sol,413,M50-54,Male,"San Isidro, Taytay",Rizal,Philippines,PH,,,,,,,0,0,0,0,0,0,99999,99999,99999,99999,99999,99999,99999,99999,99999,99999,99999,99999,DNS,0
Ryan,Tipon,Ryan Tipon,227,M40-44,Male,antipolo,RIZ,Philippines,PH,,,,,,,0,0,0,0,0,0,99999,99999,99999,99999,99999,99999,99999,99999,99999,99999,99999,99999,DNS,0
John Raymund,Ramos,John Raymund Ramos,122,M30-34,Male,Dela Paz,Metro Manila,Philippines,PH,,,,,,,0,0,0,0,0,0,99999,99999,99999,99999,99999,99999,99999,99999,99999,99999,99999,99999,DNS,0
Daniel,Eguia,Daniel Eguia,345,M45-49,Male,"Balintawak, Lipa City",Batangas,Philippines,PH,,,,,,,0,0,0,0,0,0,99999,99999,99999,99999,99999,99999,99999,99999,99999,99999,99999,99999,DNS,0
Francis Ivan,Flores,Francis Ivan Flores,208,M40-44,Male,Tagbilaran City,PH-BOH,Philippines,PH,,,,,,,0,0,0,0,0,0,99999,99999,99999,99999,99999,99999,99999,99999,99999,99999,99999,99999,DNS,0
Nerio Ii,Zamora,Nerio Ii Zamora,319,M45-49,Male,Tagbilaran City,PH-BOH,Philippines,PH,,,,,,,0,0,0,0,0,0,99999,99999,99999,99999,99999,99999,99999,99999,99999,99999,99999,99999,DNS,0
Joe,Wen,Joe Wen,156,M35-39,Male,5,Agusan del sur,United States,US,,,,,,,0,0,0,0,0,0,99999,99999,99999,99999,99999,99999,99999,99999,99999,99999,99999,99999,DNS,0
Edward,Estrada,Edward Estrada,116,M30-34,Male,Nancayasan,Pangasinan,Philippines,PH,,,,,,,0,0,0,0,0,0,99999,99999,99999,99999,99999,99999,99999,99999,99999,99999,99999,99999,DNS,0
Jervin,Santelices,Jervin Santelices,207,M40-44,Male,"Magang, Daet",Camarines Norte,Philippines,PH,1:41:36,7:49:14,,,,,6096,28154,0,468,890,0,99999,99999,99999,99999,99999,99999,99999,99999,99999,99999,99999,99999,DNF,0
Francis,Victoria,Francis Victoria,306,M45-49,Male,Mandaluyong City,,Philippines,PH,,,,,,,0,0,0,0,0,0,99999,99999,99999,99999,99999,99999,99999,99999,99999,99999,99999,99999,DNS,0
Mary Grace,Olfindo,Mary Grace Olfindo,521,F40-44,Female,Apolonio Samson,METRO MANILA,Philippines,PH,,,,,,,0,0,0,0,0,0,99999,99999,99999,99999,99999,99999,99999,99999,99999,99999,99999,99999,DNS,0
Ydnar Christian ,Baldelovar,Ydnar Christian Baldelovar,216,M40-44,Male,Koronadal City,PH-NCO,Philippines,PH,,,,,,,0,0,0,0,0,0,99999,99999,99999,99999,99999,99999,99999,99999,99999,99999,99999,99999,DNS,0
Ronald Leander,Yapo,Ronald Leander Yapo,151,M35-39,Male,"Barangay 7 Caunayan, Batan City",Ilocos Norte,Philippines,PH,,,,,,,0,0,0,0,0,0,99999,99999,99999,99999,99999,99999,99999,99999,99999,99999,99999,99999,DNS,0
Michael,Oledan,Michael Oledan,353,M45-49,Male,PARANAQUE,METRO MANILA,Philippines,PH,,,,,,,0,0,0,0,0,0,99999,99999,99999,99999,99999,99999,99999,99999,99999,99999,99999,99999,DNS,0
Eric,Dimabuyu,Eric Dimabuyu,372,M45-49,Male,"Bulaon, City of San Fernando",Pampanga,Philippines,PH,,,,,,,0,0,0,0,0,0,99999,99999,99999,99999,99999,99999,99999,99999,99999,99999,99999,99999,DNS,0
Sherwin Lester,Mailig,Sherwin Lester Mailig,195,M40-44,Male,Surigao city,Surigao del norte,Philippines,PH,,,,,,,0,0,0,0,0,0,99999,99999,99999,99999,99999,99999,99999,99999,99999,99999,99999,99999,DNS,0
Almond Ray,Baldovino,Almond Ray Baldovino,299,M45-49,Male,Batangas City,PH-BTG,Philippines,PH,,,,,,,0,0,0,0,0,0,99999,99999,99999,99999,99999,99999,99999,99999,99999,99999,99999,99999,DNS,0
Edward,Ramirez,Edward Ramirez,161,M35-39,Male,Lacub,Batac ilocos norte,Philippines,PH,,,,,,,0,0,0,0,0,0,99999,99999,99999,99999,99999,99999,99999,99999,99999,99999,99999,99999,DNS,0
Bernadette Mae,Aguirre,Bernadette Mae Aguirre,500,F30-34,Female,SANTA MARIA,BULACAN,Philippines,PH,,,,,,,0,0,0,0,0,0,99999,99999,99999,99999,99999,99999,99999,99999,99999,99999,99999,99999,DNS,0
Michael Angelo,De La Cruz,Michael Angelo De La Cruz,402,M50-54,Male,Taguig,,Philippines,PH,,,,,,,0,0,0,0,0,0,99999,99999,99999,99999,99999,99999,99999,99999,99999,99999,99999,99999,DNS,0
Katrina Isabel,Olave,Katrina Isabel Olave,540,F35-39,Female,BGC,"Taguig, Metro Manila",Philippines,PH,,,,,,,0,0,0,0,0,0,99999,99999,99999,99999,99999,99999,99999,99999,99999,99999,99999,99999,DNS,0
Linus Benedict,Paterno,Linus Benedict Paterno,142,M35-39,Male,Dalig,Antipolo Rizal,Philippines,PH,,,,,,,0,0,0,0,0,0,99999,99999,99999,99999,99999,99999,99999,99999,99999,99999,99999,99999,DNS,0
Lino,Olaivar,Lino Olaivar,350,M45-49,Male,Cogon district,Tagbilaran city,Philippines,PH,,,,,,,0,0,0,0,0,0,99999,99999,99999,99999,99999,99999,99999,99999,99999,99999,99999,99999,DNS,0
Val Anthony,Uy,Val Anthony Uy,224,M40-44,Male,tagbilaran city,ACT,Philippines,PH,,,,,,,0,0,0,0,0,0,99999,99999,99999,99999,99999,99999,99999,99999,99999,99999,99999,99999,DNS,0
Philip,Gann,Philip Gann,481,M60-64,Male,,,Hong Kong,HK,2:12:00,8:28:17,,,,,7920,30497,0,407,0,0,99999,99999,99999,99999,99999,99999,99999,99999,99999,99999,99999,99999,DNF,0
Frederick,Castaneda,Frederick Castaneda,172,M35-39,Male,Surigao city,PH-SUN,Philippines,PH,,,,,,,0,0,0,0,0,0,99999,99999,99999,99999,99999,99999,99999,99999,99999,99999,99999,99999,DNS,0
Tuesday,Samson,Tuesday Samson,367,M45-49,Male,Mayamot,Rizal,Philippines,PH,,,,,,,0,0,0,0,0,0,99999,99999,99999,99999,99999,99999,99999,99999,99999,99999,99999,99999,DNS,0
Kreskin,Solda,Kreskin Solda,263,M40-44,Male,Brgy BF Homes Paranaque City,Metro Manila,Philippines,PH,,,,,,,0,0,0,0,0,0,99999,99999,99999,99999,99999,99999,99999,99999,99999,99999,99999,99999,DNS,0
Jomar,Lilan,Jomar Lilan,181,M35-39,Male,Bacnotan,La union,Philippines,PH,,,,,,,0,0,0,0,0,0,99999,99999,99999,99999,99999,99999,99999,99999,99999,99999,99999,99999,DNS,0
Sam,Toloza,Sam Toloza,463,M45-49,Male,Marikina City,NCR,Philippines,PH,,,,,,,0,0,0,0,0,0,99999,99999,99999,99999,99999,99999,99999,99999,99999,99999,99999,99999,DNS,0
Pol Joseph,Garing,Pol Joseph Garing,320,M45-49,Male,Poblacion Brgy. 3,"Lipa City, Batangas",Philippines,PH,,,,,,,0,0,0,0,0,0,99999,99999,99999,99999,99999,99999,99999,99999,99999,99999,99999,99999,DNS,0
Nina,Dacanay,Nina Dacanay,514,F40-44,Female,Barangay Obrero,Quezon City,Philippines,PH,,,,,,,0,0,0,0,0,0,99999,99999,99999,99999,99999,99999,99999,99999,99999,99999,99999,99999,DNS,0
Herraz,Herrera,Herraz Herrera,164,M35-39,Male,Tarlac,Tarlac,Philippines,PH,1:47:38,8:13:34,,,,,6458,29614,0,711,881,0,99999,99999,99999,99999,99999,99999,99999,99999,99999,99999,99999,99999,DNF,0
Ronald,Mallorca,Ronald Mallorca,169,M35-39,Male,Guadalupe Viejo,Makati City,Philippines,PH,,,,,,,0,0,0,0,0,0,99999,99999,99999,99999,99999,99999,99999,99999,99999,99999,99999,99999,DNS,0
Jason,Chi,Jason Chi,352,M45-49,Male,WEST BAJAC BAJAC,"OLONGAPO CITY, ZAMBALES",Philippines,PH,,,,,,,0,0,0,0,0,0,99999,99999,99999,99999,99999,99999,99999,99999,99999,99999,99999,99999,DNS,0
Jose Paulo,Gonzales,Jose Paulo Gonzales,197,M40-44,Male,San Antonio,Pasig City,Philippines,PH,,,,,,,0,0,0,0,0,0,99999,99999,99999,99999,99999,99999,99999,99999,99999,99999,99999,99999,DNS,0
Andy,Ellmers,Andy Ellmers,280,M40-44,Male,Kaiapoi,CAN,Philippines,PH,1:15:59,9:28:44,,,,,4559,34124,0,391,0,0,99999,99999,99999,99999,99999,99999,99999,99999,99999,99999,99999,99999,DNF,0
Jun Constantine,Caturza,Jun Constantine Caturza,118,M30-34,Male,Tagbilaran,PH-BOH,Philippines,PH,,,,,,,0,0,0,0,0,0,99999,99999,99999,99999,99999,99999,99999,99999,99999,99999,99999,99999,DNS,0
Gerrie,Calinawan,Gerrie Calinawan,176,M35-39,Male,Cebu,Cebu,Philippines,PH,,,,,,,0,0,0,0,0,0,99999,99999,99999,99999,99999,99999,99999,99999,99999,99999,99999,99999,DNS,0
Jay,Jacinto,Jay Jacinto,295,M45-49,Male,San Jose,Camarines Sur,Philippines,PH,,,,,,,0,0,0,0,0,0,99999,99999,99999,99999,99999,99999,99999,99999,99999,99999,99999,99999,DNS,0
Aldrick,Diaz,Aldrick Diaz,389,M50-54,Male,Barangay Manresa,NATIONAL CAPITAL REGION,Philippines,PH,,,,,,,0,0,0,0,0,0,99999,99999,99999,99999,99999,99999,99999,99999,99999,99999,99999,99999,DNS,0
Bonnie,Obales,Bonnie Obales,163,M35-39,Male,PALOMPON,LEYTE,Philippines,PH,,,,,,,0,0,0,0,0,0,99999,99999,99999,99999,99999,99999,99999,99999,99999,99999,99999,99999,DNS,0
Gian Carlo,Nepomuceno,Gian Carlo Nepomuceno,202,M40-44,Male,Barangay Concepcion Dos,Marikina City,Philippines,PH,,,,,,,0,0,0,0,0,0,99999,99999,99999,99999,99999,99999,99999,99999,99999,99999,99999,99999,DNS,0
Arnold,Patricio,Arnold Patricio,478,M45-49,Male,Pasig City,National Capital Region,Philippines,PH,,,,,,,0,0,0,0,0,0,99999,99999,99999,99999,99999,99999,99999,99999,99999,99999,99999,99999,DNS,0
Jen Chung,Chiang,Jen Chung Chiang,238,M40-44,Male,quezon city,metro manila,Taiwan,TW,1:53:02,8:05:19,,,,,6782,29119,0,367,480,0,99999,99999,99999,99999,99999,99999,99999,99999,99999,99999,99999,99999,DNF,0
Jelle,Beekma,Jelle Beekma,442,M55-59,Male,Mandaluyong,Metro Manila,Philippines,PH,,,,,,,0,0,0,0,0,0,99999,99999,99999,99999,99999,99999,99999,99999,99999,99999,99999,99999,DNS,0
Benedict,Muriel,Benedict Muriel,398,M50-54,Male,"Malanday, San Mateo",Rizal,Philippines,PH,,,,,,,0,0,0,0,0,0,99999,99999,99999,99999,99999,99999,99999,99999,99999,99999,99999,99999,DNS,0
Yu-Yoo,Cruz,Yu-Yoo Cruz,401,M50-54,Male,Marikina City,Intl State,Philippines,PH,,,,,,,0,0,0,0,0,0,99999,99999,99999,99999,99999,99999,99999,99999,99999,99999,99999,99999,DNS,0
Jeuel,Condahan,Jeuel Condahan,178,M35-39,Male,Cagayan de Oro,PH-MSR,Philippines,PH,,,,,,,0,0,0,0,0,0,99999,99999,99999,99999,99999,99999,99999,99999,99999,99999,99999,99999,DNS,0
Lester Benedict,Leytte,Lester Benedict Leytte,203,M40-44,Male,Cainta,Rizal,Philippines,PH,,,,,,,0,0,0,0,0,0,99999,99999,99999,99999,99999,99999,99999,99999,99999,99999,99999,99999,DNS,0
Christina,Domingo,Christina Domingo,524,F45-49,Female,Aguso,Tarlac city,Philippines,PH,,,,,,,0,0,0,0,0,0,99999,99999,99999,99999,99999,99999,99999,99999,99999,99999,99999,99999,DNS,0
Kenneth,Sarabia,Kenneth Sarabia,257,M40-44,Male,Mayamot,NCR,Philippines,PH,,,,,,,0,0,0,0,0,0,99999,99999,99999,99999,99999,99999,99999,99999,99999,99999,99999,99999,DNS,0
Hans Kris,Tabaranza,Hans Kris Tabaranza,221,M40-44,Male,Cainta,Rizal,Philippines,PH,,,,,,,0,0,0,0,0,0,99999,99999,99999,99999,99999,99999,99999,99999,99999,99999,99999,99999,DNS,0
Ramoncito,Gonzales,Ramoncito Gonzales,190,M35-39,Male,Brgy San Antonio / Sucat Paranaque City,Metro Manila,Philippines,PH,,,,,,,0,0,0,0,0,0,99999,99999,99999,99999,99999,99999,99999,99999,99999,99999,99999,99999,DNS,0
Janet,Ching,Janet Ching,532,F50-54,Female,San Rafael,Manila,Philippines,PH,,,,,,,0,0,0,0,0,0,99999,99999,99999,99999,99999,99999,99999,99999,99999,99999,99999,99999,DNS,0
Crisanto Jr,Gabriel,Crisanto Jr Gabriel,326,M45-49,Male,Quezon City,PH-00,Philippines,PH,1:21:17,6:52:46,,,,,4877,24766,0,481,565,0,99999,99999,99999,99999,99999,99999,99999,99999,99999,99999,99999,99999,DNF,0
Rollie,Alcantara,Rollie Alcantara,379,M50-54,Male,Silop Surigao City,Surigao del Norte,Philippines,PH,1:39:37,8:42:49,,,,,5977,31369,0,442,733,0,99999,99999,99999,99999,99999,99999,99999,99999,99999,99999,99999,99999,DNF,0
Alberto,Banaag,Alberto Banaag,446,M60-64,Male,Quezon City,Metro Manila,Philippines,PH,2:03:16,8:16:00,,,,,7396,29760,0,1323,0,0,99999,99999,99999,99999,99999,99999,99999,99999,99999,99999,99999,99999,DNF,0
Ian Oliver,Canieso,Ian Oliver Canieso,309,M45-49,Male,Malolos,Bulacan,Philippines,PH,,,,,,,0,0,0,0,0,0,99999,99999,99999,99999,99999,99999,99999,99999,99999,99999,99999,99999,DNS,0
Ramsey,Quijano,Ramsey Quijano,432,M55-59,Male,Talisay,Cebu,Philippines,PH,,,,,,,0,0,0,0,0,0,99999,99999,99999,99999,99999,99999,99999,99999,99999,99999,99999,99999,DNS,0
Felipe,Sajulga,Felipe Sajulga,222,M40-44,Male,Malaybalay,Bukidnon,Philippines,PH,,,,,,,0,0,0,0,0,0,99999,99999,99999,99999,99999,99999,99999,99999,99999,99999,99999,99999,DNS,0
Johnatan,Sunga,Johnatan Sunga,376,M50-54,Male,"SAN MATIAS, GUAGUA",PAMPANGA,Philippines,PH,,,,,,,0,0,0,0,0,0,99999,99999,99999,99999,99999,99999,99999,99999,99999,99999,99999,99999,DNS,0
Novielyn,Kukkonen,Novielyn Kukkonen,507,F35-39,Female,Sagada ,Sagada Mountain Province,United Arab Emirates,AE,,,,,,,0,0,0,0,0,0,99999,99999,99999,99999,99999,99999,99999,99999,99999,99999,99999,99999,DNS,0
Feliciano,Quilala,Feliciano Quilala,344,M45-49,Male,"Brgy. Valdez, batac city",Ilocos norte,Philippines,PH,1:41:55,8:06:38,,,,,6115,29198,0,489,624,0,99999,99999,99999,99999,99999,99999,99999,99999,99999,99999,99999,99999,DNF,0
Juanito,Alcazar,Juanito Alcazar,219,M40-44,Male,Manila,NCR,Philippines,PH,1:51:55,7:28:19,,,,,6715,26899,0,394,843,0,99999,99999,99999,99999,99999,99999,99999,99999,99999,99999,99999,99999,DNF,0
Harvenio Ruel,Veleña-V,Harvenio Ruel Veleña-V,414,M50-54,Male,Marikina City,NCR,Philippines,PH,,,,,,,0,0,0,0,0,0,99999,99999,99999,99999,99999,99999,99999,99999,99999,99999,99999,99999,DNS,0
Justin,Cruz,Justin Cruz,102,M25-29,Male,Tarlac,Tarlac,Philippines,PH,,,,,,,0,0,0,0,0,0,99999,99999,99999,99999,99999,99999,99999,99999,99999,99999,99999,99999,DNS,0
Alan,Galang,Alan Galang,213,M40-44,Male,Angeles City,Pampanga,Philippines,PH,,,,,,,0,0,0,0,0,0,99999,99999,99999,99999,99999,99999,99999,99999,99999,99999,99999,99999,DNS,0
Catherine,Acuña,Catherine Acuña,504,F35-39,Female,Brgy Sambag I,Cebu,Philippines,PH,,,,,,,0,0,0,0,0,0,99999,99999,99999,99999,99999,99999,99999,99999,99999,99999,99999,99999,DNS,0
Johan,Halling,Johan Halling,454,M55-59,Male,Särö,foreigner,Sweden,SE,1:18:24,6:54:58,,,,,4704,24898,0,432,0,0,99999,99999,99999,99999,99999,99999,99999,99999,99999,99999,99999,99999,DNF,0
Ariel,Carpio,Ariel Carpio,433,M55-59,Male,"Sulucan, Bocaue",Bulacan,Philippines,PH,,,,,,,0,0,0,0,0,0,99999,99999,99999,99999,99999,99999,99999,99999,99999,99999,99999,99999,DNS,0
Roberto,De La Vega,Roberto De La Vega,256,M40-44,Male,San Antonio,Pasig City,Philippines,PH,,,,,,,0,0,0,0,0,0,99999,99999,99999,99999,99999,99999,99999,99999,99999,99999,99999,99999,DNS,0
Benjo Luther,Macion,Benjo Luther Macion,323,M45-49,Male,biasong talisay city,cebu,Philippines,PH,,,,,,,0,0,0,0,0,0,99999,99999,99999,99999,99999,99999,99999,99999,99999,99999,99999,99999,DNS,0
Jay Christopher,Velasco,Jay Christopher Velasco,106,M25-29,Male,BRGY. PLAINVIEW,MANDALUYONG CITY,Philippines,PH,,,,,,,0,0,0,0,0,0,99999,99999,99999,99999,99999,99999,99999,99999,99999,99999,99999,99999,DNS,0
Carlos Oliver,Leytte,Carlos Oliver Leytte,312,M45-49,Male,San Juan,Cainta Rizal,Philippines,PH,,,,,,,0,0,0,0,0,0,99999,99999,99999,99999,99999,99999,99999,99999,99999,99999,99999,99999,DNS,0
Reuben,Lista,Reuben Lista,387,M50-54,Male,Makati City,Intl State,Philippines,PH,,,,,,,0,0,0,0,0,0,99999,99999,99999,99999,99999,99999,99999,99999,99999,99999,99999,99999,DNS,0
Denniel,Ison,Denniel Ison,327,M45-49,Male,Buting,Metro Manila,Philippines,PH,,,,,,,0,0,0,0,0,0,99999,99999,99999,99999,99999,99999,99999,99999,99999,99999,99999,99999,DNS,0
Peter,Estanislao,Peter Estanislao,397,M50-54,Male,Marikina city,Metro Manila,Philippines,PH,,,,,,,0,0,0,0,0,0,99999,99999,99999,99999,99999,99999,99999,99999,99999,99999,99999,99999,DNS,0
Ray Anthony,Ramos,Ray Anthony Ramos,405,M50-54,Male,Malaybalay city,Bukidnon,Philippines,PH,,,,,,,0,0,0,0,0,0,99999,99999,99999,99999,99999,99999,99999,99999,99999,99999,99999,99999,DNS,0
Erick Andrew,Olonan,Erick Andrew Olonan,217,M40-44,Male,Quezon City,Metro Manila,Philippines,PH,,,,,,,0,0,0,0,0,0,99999,99999,99999,99999,99999,99999,99999,99999,99999,99999,99999,99999,DNS,0
Diosdado,Ramos,Diosdado Ramos,168,M35-39,Male,Bario Barreto,"Olongapo, Zambales",Philippines,PH,,,,,,,0,0,0,0,0,0,99999,99999,99999,99999,99999,99999,99999,99999,99999,99999,99999,99999,DNS,0
Anthony,Serra,Anthony Serra,470,M40-44,Male,Sta Ana,Taguig City,Philippines,PH,,,,,,,0,0,0,0,0,0,99999,99999,99999,99999,99999,99999,99999,99999,99999,99999,99999,99999,DNS,0
Allen,Kim,Allen Kim,482,M45-49,Male,Tamuning,GU,Guam,GU,1:21:42,6:13:48,,,,,4902,22428,0,271,0,0,99999,99999,99999,99999,99999,99999,99999,99999,99999,99999,99999,99999,DNF,0
Gerald,Del Rosario,Gerald Del Rosario,240,M40-44,Male,Lipa City,Batangas,Philippines,PH,,,,,,,0,0,0,0,0,0,99999,99999,99999,99999,99999,99999,99999,99999,99999,99999,99999,99999,DNS,0
Johnson,Lontok,Johnson Lontok,166,M35-39,Male,"Ligid Tipas, Taguig",NCR,Philippines,PH,1:49:18,8:47:13,,,,,6558,31633,0,629,0,0,99999,99999,99999,99999,99999,99999,99999,99999,99999,99999,99999,99999,DNF,0
Marieflor,Justiniane,Marieflor Justiniane,543,F30-34,Female,lapu lapu city,cebu,Philippines,PH,,,,,,,0,0,0,0,0,0,99999,99999,99999,99999,99999,99999,99999,99999,99999,99999,99999,99999,DNS,0
Miguel Luis,Pelino,Miguel Luis Pelino,218,M40-44,Male,Ayala Alabang Village,Muntinlupa,Philippines,PH,,,,,,,0,0,0,0,0,0,99999,99999,99999,99999,99999,99999,99999,99999,99999,99999,99999,99999,DNS,0
Marlon,Daza,Marlon Daza,391,M50-54,Male,"Sto Domingo, Sta Rosa City",Laguna,Philippines,PH,,,,,,,0,0,0,0,0,0,99999,99999,99999,99999,99999,99999,99999,99999,99999,99999,99999,99999,DNS,0
Rosel,Suaybaguio,Rosel Suaybaguio,288,M45-49,Male,Cabantian,PH-DAS,Philippines,PH,,,,,,,0,0,0,0,0,0,99999,99999,99999,99999,99999,99999,99999,99999,99999,99999,99999,99999,DNS,0
Marko,Cabesas,Marko Cabesas,135,M35-39,Male,BICUTAN,METRO MANILA,Philippines,PH,,,,,,,0,0,0,0,0,0,99999,99999,99999,99999,99999,99999,99999,99999,99999,99999,99999,99999,DNS,0
Christopher,Cuevas,Christopher Cuevas,187,M35-39,Male,Don Bosco,Parañaque City,Philippines,PH,,,,,,,0,0,0,0,0,0,99999,99999,99999,99999,99999,99999,99999,99999,99999,99999,99999,99999,DNS,0
Remelie,Perdido,Remelie Perdido,513,F40-44,Female,Quezon City,NCR,Philippines,PH,,,,,,,0,0,0,0,0,0,99999,99999,99999,99999,99999,99999,99999,99999,99999,99999,99999,99999,DNS,0
Omar Villanueva,Ching,Omar Villanueva Ching,226,M40-44,Male,Kapt Pepe Subdivision,Nueva Ecija,Philippines,PH,,,,,,,0,0,0,0,0,0,99999,99999,99999,99999,99999,99999,99999,99999,99999,99999,99999,99999,DNS,0
Emilou,Nunez,Emilou Nunez,545,F35-39,Female,Matina,Davao del Sur,Philippines,PH,,,,,,,0,0,0,0,0,0,99999,99999,99999,99999,99999,99999,99999,99999,99999,99999,99999,99999,DNS,0
John Christian,Rodriguez,John Christian Rodriguez,123,M30-34,Male,Pulung cacutud angeles city,PH-PAM,Philippines,PH,,,,,,,0,0,0,0,0,0,99999,99999,99999,99999,99999,99999,99999,99999,99999,99999,99999,99999,DNS,0
Romualdo,Tamayo,Romualdo Tamayo,251,M40-44,Male,"Santiago, Malolos",Bulacan,Philippines,PH,,,,,,,0,0,0,0,0,0,99999,99999,99999,99999,99999,99999,99999,99999,99999,99999,99999,99999,DNS,0
Jovenal,Enriquez,Jovenal Enriquez,328,M45-49,Male,Biñan,Laguna,Philippines,PH,1:35:40,7:47:17,,,,,5740,28037,0,518,621,0,99999,99999,99999,99999,99999,99999,99999,99999,99999,99999,99999,99999,DNF,0
Ralph Martin,Sios-E,Ralph Martin Sios-E,160,M35-39,Male,Carmen,Cebu,Philippines,PH,,,,,,,0,0,0,0,0,0,99999,99999,99999,99999,99999,99999,99999,99999,99999,99999,99999,99999,DNS,0
Anthony,Fusingan,Anthony Fusingan,296,M45-49,Male,Las Pinas,NCR,Philippines,PH,2:07:39,,,,,,7659,0,0,0,0,0,99999,99999,99999,99999,99999,99999,99999,99999,99999,99999,99999,99999,DNF,0
Paul Steven,Famador,Paul Steven Famador,358,M45-49,Male,Quezon City,Metro Manila,Philippines,PH,,,,,,,0,0,0,0,0,0,99999,99999,99999,99999,99999,99999,99999,99999,99999,99999,99999,99999,DNS,0
Kath,Lagunsad,Kath Lagunsad,501,F30-34,Female,San Antonio,Binan Laguna,Philippines,PH,,,,,,,0,0,0,0,0,0,99999,99999,99999,99999,99999,99999,99999,99999,99999,99999,99999,99999,DNS,0
Alfredo,Santos,Alfredo Santos,451,M65-69,Male,Greenhills,San juan City,Philippines,PH,,,,,,,0,0,0,0,0,0,99999,99999,99999,99999,99999,99999,99999,99999,99999,99999,99999,99999,DNS,0
Joseph,Legasto,Joseph Legasto,305,M45-49,Male,Bagumbayan,Quezon City,Philippines,PH,,,,,,,0,0,0,0,0,0,99999,99999,99999,99999,99999,99999,99999,99999,99999,99999,99999,99999,DNS,0
Argee Grexa,Hizon,Argee Grexa Hizon,503,F30-34,Female,Paranaque City,Metro Manila,Philippines,PH,1:48:33,7:59:40,6:54:35,,,17:02:09,6513,28780,24875,477,684,61329,99999,99999,99999,99999,99999,99999,99999,99999,99999,99999,99999,99999,DNF,0
Elinor,Malicdem,Elinor Malicdem,505,F35-39,Female,Bagong Ilog,PH-00,Philippines,PH,,,,,,,0,0,0,0,0,0,99999,99999,99999,99999,99999,99999,99999,99999,99999,99999,99999,99999,DNS,0
Dax,Seniel,Dax Seniel,196,M40-44,Male,"Poblacion, Tubod",Surigao del Norte,Philippines,PH,1:39:44,8:31:44,,,,,5984,30704,0,457,635,0,99999,99999,99999,99999,99999,99999,99999,99999,99999,99999,99999,99999,DNF,0
Bernard,Dagcuta,Bernard Dagcuta,404,M50-54,Male,Surigao City,CARAGA Region,Philippines,PH,2:11:58,8:12:24,,,,,7918,29544,0,455,693,0,99999,99999,99999,99999,99999,99999,99999,99999,99999,99999,99999,99999,DNF,0
Cassius,Verbo,Cassius Verbo,275,M40-44,Male,"Kanlurang Mayao, Lucena City",Quezon,Philippines,PH,,,,,,,0,0,0,0,0,0,99999,99999,99999,99999,99999,99999,99999,99999,99999,99999,99999,99999,DNS,0
Jerome,Santos,Jerome Santos,415,M50-54,Male,Paranaque,PH-00,Philippines,PH,,,,,,,0,0,0,0,0,0,99999,99999,99999,99999,99999,99999,99999,99999,99999,99999,99999,99999,DNS,0
Roland Benedict,Capito,Roland Benedict Capito,175,M35-39,Male,Kapitolyo,Pasig,Philippines,PH,,,,,,,0,0,0,0,0,0,99999,99999,99999,99999,99999,99999,99999,99999,99999,99999,99999,99999,DNS,0
Paul Henry,Tambasen,Paul Henry Tambasen,136,M35-39,Male,Makati,Metro Manila,Philippines,PH,,,,,,,0,0,0,0,0,0,99999,99999,99999,99999,99999,99999,99999,99999,99999,99999,99999,99999,DNS,0
Gregory Francis,Banzon,Gregory Francis Banzon,440,M55-59,Male,Muntinlupa City,PH-00,Philippines,PH,,,,,,,0,0,0,0,0,0,99999,99999,99999,99999,99999,99999,99999,99999,99999,99999,99999,99999,DNS,0
Jeffrey,Gutilban,Jeffrey Gutilban,351,M45-49,Male,mandaluyong,Metro Manila,Philippines,PH,,,,,,,0,0,0,0,0,0,99999,99999,99999,99999,99999,99999,99999,99999,99999,99999,99999,99999,DNS,0
Ramon,Escala,Ramon Escala,349,M45-49,Male,"San Rafael, Tarlac City",,Philippines,PH,1:56:34,8:11:51,,,,,6994,29511,0,786,739,0,99999,99999,99999,99999,99999,99999,99999,99999,99999,99999,99999,99999,DNF,0
Roderic,Santos,Roderic Santos,407,M50-54,Male,Bgy. San Agustin,Malabon City,Philippines,PH,1:36:40,9:02:04,,,,,5800,32524,0,516,0,0,99999,99999,99999,99999,99999,99999,99999,99999,99999,99999,99999,99999,DNF,0
Ronald,Parantar,Ronald Parantar,420,M50-54,Male,Gusa,MISAMIS ORIENTAL,Philippines,PH,,,,,,,0,0,0,0,0,0,99999,99999,99999,99999,99999,99999,99999,99999,99999,99999,99999,99999,DNS,0
Francis,Lejano,Francis Lejano,300,M45-49,Male,Alicia,Philippines,Philippines,PH,,,,,,,0,0,0,0,0,0,99999,99999,99999,99999,99999,99999,99999,99999,99999,99999,99999,99999,DNS,0
Julian,Valencia,Julian Valencia,365,M45-49,Male,Bacoor,Cavite,Philippines,PH,,,,,,,0,0,0,0,0,0,99999,99999,99999,99999,99999,99999,99999,99999,99999,99999,99999,99999,DNS,0
John Romuald,Ruiz,John Romuald Ruiz,199,M40-44,Male,Tisa,Cebu,Philippines,PH,1:51:47,8:43:44,,,,,6707,31424,0,461,0,0,99999,99999,99999,99999,99999,99999,99999,99999,99999,99999,99999,99999,DNF,0
Ishmael,Ordonez,Ishmael Ordonez,444,M60-64,Male,San Pedro,Laguna,Philippines,PH,,,,,,,0,0,0,0,0,0,99999,99999,99999,99999,99999,99999,99999,99999,99999,99999,99999,99999,DNS,0
Enrique Lorenzo,San Agustin,Enrique Lorenzo San Agustin,268,M40-44,Male,Makati City,Metro Manila,Philippines,PH,,,,,,,0,0,0,0,0,0,99999,99999,99999,99999,99999,99999,99999,99999,99999,99999,99999,99999,DNS,0
Jay,Collado,Jay Collado,301,M45-49,Male,Tagum City,Davao del Nortes,Philippines,PH,,,,,,,0,0,0,0,0,0,99999,99999,99999,99999,99999,99999,99999,99999,99999,99999,99999,99999,DNS,0
Christopher Noel,Almero,Christopher Noel Almero,355,M45-49,Male,Batangas City,BATANGAS,Philippines,PH,,,,,,,0,0,0,0,0,0,99999,99999,99999,99999,99999,99999,99999,99999,99999,99999,99999,99999,DNS,0
Mark,Fowell,Mark Fowell,458,M60-64,Male,Derby,DERBYSHIRE,United Kingdom,GB,1:09:23,,,,,,4163,0,0,0,0,0,99999,99999,99999,99999,99999,99999,99999,99999,99999,99999,99999,99999,DNF,0
Adler,Ferrer,Adler Ferrer,373,M45-49,Male,PASIG CITY,PH-00,Philippines,PH,,,,,,,0,0,0,0,0,0,99999,99999,99999,99999,99999,99999,99999,99999,99999,99999,99999,99999,DNS,0
Alyzza,Sarmiento,Alyzza Sarmiento,439,M55-59,Female,,SOUTH EAST,Philippines,PH,,,,,,,0,0,0,0,0,0,99999,99999,99999,99999,99999,99999,99999,99999,99999,99999,99999,99999,DNS,0
Normel,Gallardo,Normel Gallardo,456,M40-44,Male,"Barangay 89, Grace Park, Caloocan City","Metro Manila, Philippines",Philippines,PH,,,,,,,0,0,0,0,0,0,99999,99999,99999,99999,99999,99999,99999,99999,99999,99999,99999,99999,DNS,0
Jed Tristan Anthony,Abadilla,Jed Tristan Anthony Abadilla,205,M40-44,Male,Laoag City,Ilocos Norte,Philippines,PH,,,,,,,0,0,0,0,0,0,99999,99999,99999,99999,99999,99999,99999,99999,99999,99999,99999,99999,DNS,0
Larry,Ibalio,Larry Ibalio,452,M50-54,Male,"Mayamot, Antipolo City",Rizal,Philippines,PH,1:45:03,6:42:18,,,,,6303,24138,0,711,675,0,99999,99999,99999,99999,99999,99999,99999,99999,99999,99999,99999,99999,DNF,0
Leilani,Tan,Leilani Tan,529,F50-54,Female,Molino IV Bacoor City,PH-CAV,Philippines,PH,,,,,,,0,0,0,0,0,0,99999,99999,99999,99999,99999,99999,99999,99999,99999,99999,99999,99999,DNS,0
Dereck,Sarangaya,Dereck Sarangaya,200,M40-44,Male,Quezon City,Metro Manila,Philippines,PH,,,,,,,0,0,0,0,0,0,99999,99999,99999,99999,99999,99999,99999,99999,99999,99999,99999,99999,DNS,0
Gregie,Pamakid,Gregie Pamakid,334,M45-49,Male,Valencia city,Bukidnon,Philippines,PH,,,,,,,0,0,0,0,0,0,99999,99999,99999,99999,99999,99999,99999,99999,99999,99999,99999,99999,DNS,0
Rajah Sol,Belbider,Rajah Sol Belbider,130,M30-34,Male,Malolos City,Bulacan,Philippines,PH,,,,,,,0,0,0,0,0,0,99999,99999,99999,99999,99999,99999,99999,99999,99999,99999,99999,99999,DNS,0
Rhoderick,Guieb,Rhoderick Guieb,276,M40-44,Male,Quezon City,Intl State,Philippines,PH,,,,,,,0,0,0,0,0,0,99999,99999,99999,99999,99999,99999,99999,99999,99999,99999,99999,99999,DNS,0
Dennis Carlos Rogaciano,De Leon,Dennis Carlos Rogaciano De Leon,366,M45-49,Male,Moonwalk Subdivision,Parañaque City,Philippines,PH,1:41:13,8:08:36,,,,,6073,29316,0,1022,954,0,99999,99999,99999,99999,99999,99999,99999,99999,99999,99999,99999,99999,DNF,0
Johannes,Garcia,Johannes Garcia,381,M50-54,Male,"Balibago, Angeles City",Pampanga,Philippines,PH,,,,,,,0,0,0,0,0,0,99999,99999,99999,99999,99999,99999,99999,99999,99999,99999,99999,99999,DNS,0
Ricardo,Tandoc,Ricardo Tandoc,374,M50-54,Male,Marikina city,Marikina,Philippines,PH,,,,,,,0,0,0,0,0,0,99999,99999,99999,99999,99999,99999,99999,99999,99999,99999,99999,99999,DNS,0
Jexter,Mercado,Jexter Mercado,341,M45-49,Male,San pedro,Laguna,Philippines,PH,,,,,,,0,0,0,0,0,0,99999,99999,99999,99999,99999,99999,99999,99999,99999,99999,99999,99999,DNS,0
Alexander,Cenzon,Alexander Cenzon,336,M45-49,Male,Itogon Benguet,Benguet,Philippines,PH,,,,,,,0,0,0,0,0,0,99999,99999,99999,99999,99999,99999,99999,99999,99999,99999,99999,99999,DNS,0
Ronald Raymund,Vidal,Ronald Raymund Vidal,434,M55-59,Male,barangay 1,"malaybalay city, bukidnon",Philippines,PH,,,,,,,0,0,0,0,0,0,99999,99999,99999,99999,99999,99999,99999,99999,99999,99999,99999,99999,DNS,0
Marion,Ridon,Marion Ridon,318,M45-49,Male,east bajac bajac olongapo city,rambles,Philippines,PH,,,,,,,0,0,0,0,0,0,99999,99999,99999,99999,99999,99999,99999,99999,99999,99999,99999,99999,DNS,0
Diana,Zamudio,Diana Zamudio,538,F35-39,Female,Mandaluyong City,Metro Manila,Philippines,PH,,,,,,,0,0,0,0,0,0,99999,99999,99999,99999,99999,99999,99999,99999,99999,99999,99999,99999,DNS,0
